Country,Region,Income_Group,Year,GDP_Per_Capita,GDP_Growth_Rate,Inflation_Rate,Unemployment_Rate,Life_Expectancy,Education_Spend_PCT_GDP,Health_Spend_PCT_GDP,Exports_PCT_GDP,CO2_Emissions_Per_Capita,Internet_Users_PCT,Population
USA,Americas,High income,2000,65000.0,3.09,2.72,6.3,82.0,5.27,8.65,45.79,11.53,75.31,254964042.0
USA,Americas,High income,2001,67064.8,3.18,1.86,3.15,73.9,6.45,10.22,14.76,9.14,74.08,513223400.0
USA,Americas,High income,2002,71441.77,4.84,2.55,5.14,76.5,4.96,9.17,18.49,10.75,76.99,958084121.0
USA,Americas,High income,2003,68321.17,1.67,0.96,4.68,78.4,5.49,8.66,33.89,7.47,95.42,728335196.0
USA,Americas,High income,2004,64505.51,-0.19,3.39,6.48,79.9,5.38,8.55,15.21,8.56,81.39,393667846.0
USA,Americas,High income,2005,79474.14,4.1,0.74,5.27,80.9,6.39,10.34,37.55,9.59,81.27,162658749.0
USA,Americas,High income,2006,76696.86,2.8,4.95,4.04,79.5,4.39,7.21,38.13,12.71,88.28,167872147.0
USA,Americas,High income,2007,85572.18,4.01,4.95,6.59,83.0,5.84,14.06,20.8,9.2,89.89,151494052.0
USA,Americas,High income,2008,78314.66,2.36,4.4,5.18,76.2,5.28,9.54,44.78,8.96,83.92,1301611864.0
USA,Americas,High income,2009,50792.77,-2.7,6.0,7.32,80.9,5.81,11.06,31.76,9.38,100.0,154517668.0
USA,Americas,High income,2010,75392.1,1.49,0.5,5.59,81.0,5.51,8.65,15.85,9.16,91.57,1320102131.0
USA,Americas,High income,2011,70613.67,0.76,3.43,1.0,78.8,6.9,8.97,13.26,7.85,86.57,52123283.0
USA,Americas,High income,2012,85477.07,2.31,7.93,4.62,81.4,5.47,7.25,41.43,11.5,100.0,515212494.0
USA,Americas,High income,2013,69922.35,0.56,5.81,7.78,79.2,5.58,8.26,39.23,13.41,100.0,23714667.0
USA,Americas,High income,2014,59822.06,-0.59,3.14,2.88,82.0,4.58,11.32,22.17,9.36,100.0,1144202469.0
USA,Americas,High income,2015,64848.5,-0.02,5.73,10.08,80.6,5.29,6.84,41.91,12.6,93.83,1256005809.0
USA,Americas,High income,2016,98790.84,2.65,3.69,3.64,81.9,5.79,7.93,48.66,10.95,92.09,997194820.0
USA,Americas,High income,2017,114409.64,3.38,1.5,2.74,83.1,6.77,9.64,39.41,8.26,100.0,515118266.0
USA,Americas,High income,2018,72375.16,0.6,1.37,4.85,82.4,5.78,10.24,30.13,12.91,100.0,273742561.0
USA,Americas,High income,2019,239126.98,7.1,1.07,6.95,81.9,5.36,8.81,37.4,9.1,100.0,539444271.0
USA,Americas,High income,2020,20512.11,-5.6,4.71,8.43,79.5,5.67,9.58,21.16,10.31,100.0,1228383614.0
USA,Americas,High income,2021,152445.56,4.14,4.74,7.13,80.2,6.88,10.36,23.96,10.61,100.0,1278580153.0
USA,Americas,High income,2022,127971.65,3.13,14.71,6.14,84.6,6.45,9.98,26.85,11.52,100.0,809803057.0
USA,Americas,High income,2023,97394.39,1.77,2.92,3.93,78.9,5.86,8.38,30.8,8.21,100.0,731379442.0
China,Asia,Upper middle income,2000,10500.0,2.21,7.36,5.54,72.4,4.05,4.02,46.44,6.27,34.75,1113363080.0
China,Asia,Upper middle income,2001,10968.94,4.47,5.11,3.66,70.6,5.66,4.5,21.82,5.64,40.38,1000576994.0
China,Asia,Upper middle income,2002,10678.79,0.85,7.84,11.24,74.4,2.48,4.27,37.67,3.58,62.44,664106274.0
China,Asia,Upper middle income,2003,12483.24,5.94,5.96,5.13,69.9,3.89,2.01,12.0,8.09,72.73,63902962.0
China,Asia,Upper middle income,2004,14076.34,7.6,3.13,9.33,72.6,3.02,5.69,26.99,3.8,61.7,1316352223.0
China,Asia,Upper middle income,2005,12194.09,3.04,2.21,9.56,71.5,6.11,6.03,25.71,5.88,61.42,1267538223.0
China,Asia,Upper middle income,2006,13833.47,4.7,4.75,6.58,71.9,3.41,6.27,28.57,3.61,73.0,1029231926.0
China,Asia,Upper middle income,2007,14547.79,4.77,4.74,8.75,74.2,3.29,2.32,12.79,3.66,77.12,1303094877.0
China,Asia,Upper middle income,2008,13779.33,3.46,10.2,8.65,74.8,5.31,5.03,31.82,4.38,70.24,1330874702.0
China,Asia,Upper middle income,2009,12192.79,1.67,11.82,9.13,69.8,3.55,6.81,13.03,6.54,75.17,1105570591.0
China,Asia,Upper middle income,2010,15496.87,3.97,4.21,7.15,72.1,4.98,4.78,16.75,4.36,74.13,865696180.0
China,Asia,Upper middle income,2011,13911.59,2.59,5.13,7.41,74.8,4.87,6.73,20.23,3.67,85.1,117359253.0
China,Asia,Upper middle income,2012,18382.06,4.78,8.95,8.72,73.5,3.98,3.5,24.81,4.42,76.23,1044589809.0
China,Asia,Upper middle income,2013,13465.49,1.93,6.99,7.18,71.1,3.16,4.49,29.58,5.14,84.34,1390154232.0
China,Asia,Upper middle income,2014,18789.51,4.24,4.45,7.05,75.1,5.45,6.44,46.53,3.47,84.72,64102209.0
China,Asia,Upper middle income,2015,20199.33,4.46,5.78,8.95,71.3,4.78,4.76,11.45,7.07,59.4,109289624.0
China,Asia,Upper middle income,2016,22416.88,4.85,9.75,8.9,73.2,3.1,5.74,11.8,8.66,90.79,1382192943.0
China,Asia,Upper middle income,2017,16866.13,2.83,6.59,4.81,75.2,3.91,5.41,27.79,0.1,71.49,383133197.0
China,Asia,Upper middle income,2018,21319.39,4.01,6.09,6.1,75.9,2.93,4.79,26.2,6.03,89.12,865570473.0
China,Asia,Upper middle income,2019,13142.34,1.19,4.34,6.39,75.3,6.05,5.17,40.51,5.34,95.03,785532691.0
China,Asia,Upper middle income,2020,9267.41,-0.62,7.94,11.29,77.7,3.04,6.03,35.58,1.48,73.17,1265870093.0
China,Asia,Upper middle income,2021,19146.19,2.9,6.4,2.66,74.2,5.33,6.47,28.31,4.97,94.46,361913021.0
China,Asia,Upper middle income,2022,30459.89,4.96,9.93,2.87,75.1,2.7,6.0,28.67,3.12,82.86,1255555380.0
China,Asia,Upper middle income,2023,14299.78,1.35,10.11,6.36,74.6,3.52,3.78,19.41,2.13,87.58,510295671.0
Germany,Europe,High income,2000,46000.0,5.74,3.07,3.6,79.4,5.39,8.67,36.14,11.52,74.69,518975708.0
Germany,Europe,High income,2001,46535.22,1.16,7.75,4.38,77.9,3.31,10.28,20.12,10.06,91.19,745192823.0
Germany,Europe,High income,2002,47830.02,1.97,1.09,1.79,79.7,4.74,6.87,23.53,7.84,99.87,1104945148.0
Germany,Europe,High income,2003,51426.4,3.79,1.25,4.99,84.2,6.51,8.34,45.82,9.22,77.82,508633674.0
Germany,Europe,High income,2004,53538.99,3.87,6.82,2.2,80.7,4.85,8.27,24.08,8.27,86.49,574850359.0
Germany,Europe,High income,2005,47642.84,0.7,3.78,4.83,80.2,5.77,7.91,24.67,11.06,89.58,779689669.0
Germany,Europe,High income,2006,43822.62,-0.8,4.09,3.67,81.0,4.74,6.29,13.72,10.1,91.6,404438459.0
Germany,Europe,High income,2007,47874.52,0.57,0.72,5.54,85.6,3.89,8.78,25.93,8.8,98.1,954263060.0
Germany,Europe,High income,2008,58970.46,3.15,7.88,1.0,78.6,6.08,8.7,33.71,8.79,92.87,804475122.0
Germany,Europe,High income,2009,38070.78,-2.08,4.76,5.23,79.2,6.09,8.52,26.81,11.09,100.0,732530062.0
Germany,Europe,High income,2010,66587.59,3.77,2.35,7.4,79.7,3.46,7.49,11.29,9.3,95.18,325481667.0
Germany,Europe,High income,2011,80487.71,5.22,2.52,6.65,82.4,5.6,7.67,32.87,10.33,100.0,469200408.0
Germany,Europe,High income,2012,64142.57,2.81,2.17,6.27,85.3,5.68,9.37,25.41,8.3,100.0,47428642.0
Germany,Europe,High income,2013,50100.79,0.66,6.02,5.8,80.3,6.33,10.93,25.55,9.15,93.97,1011292469.0
Germany,Europe,High income,2014,77176.9,3.77,5.71,5.83,84.9,4.73,7.13,12.21,12.99,100.0,215115289.0
Germany,Europe,High income,2015,62826.17,2.1,3.36,10.29,80.8,5.55,11.67,35.9,10.43,100.0,213978391.0
Germany,Europe,High income,2016,109791.17,5.59,5.69,8.19,80.4,4.51,8.81,30.56,12.19,87.08,77138914.0
Germany,Europe,High income,2017,104636.65,4.95,5.14,3.83,83.3,3.18,8.66,36.28,12.54,97.32,633379008.0
Germany,Europe,High income,2018,62668.72,1.73,0.5,4.51,81.2,2.8,8.92,27.69,11.39,100.0,18825692.0
Germany,Europe,High income,2019,101029.23,4.23,0.97,6.03,80.3,5.34,9.0,31.58,8.64,100.0,1050069678.0
Germany,Europe,High income,2020,18533.92,-4.44,2.71,6.85,80.9,5.47,8.18,22.87,10.21,100.0,734384182.0
Germany,Europe,High income,2021,276022.97,8.91,0.5,2.52,79.8,5.7,9.43,27.45,9.7,100.0,379407170.0
Germany,Europe,High income,2022,48077.25,0.2,10.5,6.87,84.8,6.22,7.31,24.75,10.98,100.0,139668229.0
Germany,Europe,High income,2023,101107.51,3.48,4.63,3.12,82.9,5.75,11.47,19.93,8.69,100.0,1254921978.0
India,Asia,Lower middle income,2000,2100.0,6.48,5.5,11.85,64.6,2.48,4.57,17.96,0.1,9.43,873996397.0
India,Asia,Lower middle income,2001,2253.68,7.32,10.49,5.66,61.6,2.46,4.46,24.69,0.83,39.96,31945797.0
India,Asia,Lower middle income,2002,2378.45,6.42,4.58,7.3,66.8,3.17,2.72,25.18,2.2,22.6,26237752.0
India,Asia,Lower middle income,2003,2305.78,3.17,4.74,11.1,69.5,3.72,2.3,30.27,4.74,45.2,931218826.0
India,Asia,Lower middle income,2004,2098.1,-0.02,5.44,8.75,65.7,3.52,1.91,26.87,0.1,24.88,404526885.0
India,Asia,Lower middle income,2005,2237.89,1.28,10.68,8.23,66.9,1.25,6.12,21.95,1.69,34.29,301309060.0
India,Asia,Lower middle income,2006,2622.57,3.77,8.24,15.12,65.7,4.15,1.95,24.65,5.04,27.73,345339646.0
India,Asia,Lower middle income,2007,4342.74,10.94,9.0,11.07,63.9,3.93,1.0,36.44,0.1,33.24,758890376.0
India,Asia,Lower middle income,2008,3512.37,6.64,11.22,11.12,68.4,3.83,3.69,24.3,0.1,41.3,253215196.0
India,Asia,Lower middle income,2009,3020.94,4.12,11.64,10.27,67.2,2.79,4.69,24.2,0.57,47.37,1160567206.0
India,Asia,Lower middle income,2010,3686.36,5.79,7.08,9.13,65.9,3.22,2.28,37.56,0.1,38.13,755518064.0
India,Asia,Lower middle income,2011,3295.22,4.18,6.7,12.09,68.4,3.28,1.0,30.86,2.93,41.97,1118397138.0
India,Asia,Lower middle income,2012,3342.1,3.95,10.82,14.6,66.1,2.55,5.18,40.8,0.45,38.8,496793710.0
India,Asia,Lower middle income,2013,3793.85,4.65,5.99,7.9,63.1,1.79,1.39,31.83,1.17,36.24,1230826071.0
India,Asia,Lower middle income,2014,4357.08,5.35,9.35,7.75,67.9,3.17,3.74,27.89,6.41,39.62,309070450.0
India,Asia,Lower middle income,2015,3731.57,3.91,9.11,8.75,66.3,2.83,2.44,13.26,3.09,57.99,215877321.0
India,Asia,Lower middle income,2016,3839.52,3.84,9.27,10.41,64.4,4.55,5.69,18.87,0.72,51.86,917511152.0
India,Asia,Lower middle income,2017,6129.09,6.5,6.3,10.21,64.1,1.74,4.33,15.49,0.1,50.42,308646391.0
India,Asia,Lower middle income,2018,4215.48,3.95,8.45,9.97,70.1,5.53,2.2,20.11,3.59,58.82,374206064.0
India,Asia,Lower middle income,2019,15358.12,11.04,8.48,10.61,69.7,3.42,3.61,32.15,2.5,62.07,952357010.0
India,Asia,Lower middle income,2020,6299.7,5.65,9.3,12.67,68.3,4.21,1.77,28.69,0.71,55.29,9437027.0
India,Asia,Lower middle income,2021,29100.0,13.34,9.64,7.02,68.2,3.09,4.13,11.5,4.49,58.64,150219404.0
India,Asia,Lower middle income,2022,7966.91,6.25,15.15,9.81,68.9,3.61,3.28,20.54,1.89,68.74,94757167.0
India,Asia,Lower middle income,2023,3640.1,2.42,4.38,11.93,67.5,3.13,3.55,19.74,1.24,39.15,1078685181.0
Brazil,Americas,Upper middle income,2000,7500.0,2.61,9.76,4.1,67.6,4.44,4.25,14.79,6.42,57.44,916488444.0
Brazil,Americas,Upper middle income,2001,7694.24,2.59,5.56,4.71,71.9,4.63,3.16,41.6,6.8,54.43,322321471.0
Brazil,Americas,Upper middle income,2002,7631.24,0.87,8.89,6.84,74.5,4.34,5.69,30.7,5.9,64.43,184177206.0
Brazil,Americas,Upper middle income,2003,9271.25,7.32,8.5,7.98,70.4,3.95,5.56,17.43,2.28,56.34,688486568.0
Brazil,Americas,Upper middle income,2004,8882.51,4.32,4.64,8.68,71.3,3.55,2.17,20.48,0.15,45.16,973127150.0
Brazil,Americas,Upper middle income,2005,9989.93,5.9,6.74,7.96,72.7,3.43,4.61,20.97,9.8,62.27,983599726.0
Brazil,Americas,Upper middle income,2006,9191.44,3.45,6.05,7.42,68.8,3.75,3.98,14.98,4.44,81.98,1120921085.0
Brazil,Americas,Upper middle income,2007,10984.22,5.6,5.01,6.11,73.6,3.2,7.72,28.58,5.79,72.31,1122518452.0
Brazil,Americas,Upper middle income,2008,12528.45,6.62,6.93,9.63,73.6,6.08,3.97,42.36,5.4,60.49,1220561101.0
Brazil,Americas,Upper middle income,2009,8050.62,0.79,5.94,5.94,74.6,5.13,9.45,24.03,3.13,76.03,1394869316.0
Brazil,Americas,Upper middle income,2010,11203.67,4.1,6.24,8.23,71.5,3.74,2.5,28.99,6.29,65.17,484636022.0
Brazil,Americas,Upper middle income,2011,17371.81,7.93,2.88,11.0,73.4,5.78,2.55,19.27,6.6,73.29,295321734.0
Brazil,Americas,Upper middle income,2012,18248.67,7.69,8.76,5.75,74.6,4.49,5.39,19.5,3.66,72.74,346499889.0
Brazil,Americas,Upper middle income,2013,17924.7,6.93,5.69,9.12,69.5,4.24,3.27,28.19,5.75,73.63,361757739.0
Brazil,Americas,Upper middle income,2014,8342.46,0.76,8.32,6.06,74.8,3.95,5.72,25.77,2.43,85.96,603527089.0
Brazil,Americas,Upper middle income,2015,11292.19,2.77,7.3,4.22,72.6,4.52,6.27,37.23,7.43,76.6,1128035379.0
Brazil,Americas,Upper middle income,2016,20777.48,6.58,6.48,6.48,74.0,3.93,4.94,32.28,5.1,86.33,442960469.0
Brazil,Americas,Upper middle income,2017,14134.77,3.8,4.82,7.02,74.8,4.45,4.8,35.86,0.8,100.0,933776528.0
Brazil,Americas,Upper middle income,2018,24388.28,6.77,3.92,8.23,72.6,3.38,7.87,23.09,5.43,90.7,1322487600.0
Brazil,Americas,Upper middle income,2019,19789.5,5.24,5.94,11.01,76.8,4.31,4.33,25.67,5.4,87.99,947280483.0
Brazil,Americas,Upper middle income,2020,10295.89,1.6,3.71,13.27,72.7,4.3,3.87,24.36,5.66,88.21,794039257.0
Brazil,Americas,Upper middle income,2021,46302.23,9.05,7.13,7.71,71.8,3.07,6.57,30.7,6.44,92.85,610098849.0
Brazil,Americas,Upper middle income,2022,16416.04,3.62,10.25,6.65,75.3,2.9,2.84,40.95,3.31,78.09,332943011.0
Brazil,Americas,Upper middle income,2023,5443.83,-1.38,3.41,5.8,75.8,3.3,6.63,40.34,0.5,82.67,1208735443.0
UK,Europe,High income,2000,40000.0,-2.3,7.58,2.22,75.7,6.52,12.66,43.84,11.13,85.95,1337755412.0
UK,Europe,High income,2001,41494.46,3.74,2.49,5.78,78.8,6.05,8.95,20.5,8.26,71.66,430552306.0
UK,Europe,High income,2002,42044.53,2.52,5.78,6.84,76.2,4.51,10.41,20.18,9.55,88.5,254422968.0
UK,Europe,High income,2003,40550.89,0.46,6.69,5.44,79.8,4.56,11.1,29.25,8.84,85.14,886595350.0
UK,Europe,High income,2004,44015.07,2.42,4.09,5.1,79.7,4.8,8.01,15.97,13.5,73.56,1092845459.0
UK,Europe,High income,2005,41942.2,0.95,4.61,3.88,83.4,4.67,9.36,22.18,14.45,75.12,235635884.0
UK,Europe,High income,2006,48718.16,3.34,3.83,4.63,79.6,5.54,8.78,39.64,14.42,83.43,832469631.0
UK,Europe,High income,2007,39262.09,-0.27,3.63,5.0,80.9,4.73,6.85,10.87,11.95,100.0,1387762763.0
UK,Europe,High income,2008,51559.79,3.22,8.26,4.24,79.8,4.92,7.48,23.51,7.55,92.34,95123783.0
UK,Europe,High income,2009,29888.59,-3.19,3.76,6.4,82.4,5.61,9.69,51.18,7.65,81.17,937446994.0
UK,Europe,High income,2010,66474.67,5.21,3.84,3.59,80.4,6.06,9.11,35.39,8.16,96.69,135798691.0
UK,Europe,High income,2011,38509.25,-0.34,6.17,4.39,83.3,4.29,8.2,15.93,10.15,100.0,1178925595.0
UK,Europe,High income,2012,83970.11,6.37,3.79,5.38,80.2,5.63,8.77,37.08,11.91,90.14,123156024.0
UK,Europe,High income,2013,38991.59,-0.2,3.17,6.42,79.3,3.9,12.23,18.69,11.67,99.81,696000394.0
UK,Europe,High income,2014,55351.45,2.35,2.8,6.84,80.5,5.77,9.48,23.32,11.98,99.25,243347559.0
UK,Europe,High income,2015,45345.11,0.84,0.93,7.63,81.4,5.67,8.66,31.98,14.93,99.5,1070851316.0
UK,Europe,High income,2016,56825.23,2.22,0.5,2.87,80.8,4.89,8.72,30.57,11.06,100.0,436886678.0
UK,Europe,High income,2017,66944.85,3.08,0.5,5.59,82.1,4.71,9.81,17.18,8.07,100.0,86358803.0
UK,Europe,High income,2018,55301.05,1.82,5.98,5.3,81.0,4.89,8.55,26.12,10.34,100.0,1139651392.0
UK,Europe,High income,2019,60543.8,2.21,0.5,6.82,82.8,7.79,7.43,27.91,9.74,100.0,272874205.0
UK,Europe,High income,2020,9560.37,-6.91,0.5,9.08,83.5,4.92,5.11,24.54,10.78,95.21,17463024.0
UK,Europe,High income,2021,150999.17,6.53,1.01,4.94,78.2,7.56,7.21,29.6,12.34,100.0,666687372.0
UK,Europe,High income,2022,37694.97,-0.27,4.5,7.94,81.9,4.83,10.56,23.94,13.65,100.0,54277675.0
UK,Europe,High income,2023,54103.16,1.32,2.82,6.84,85.3,6.71,9.41,37.99,8.72,100.0,726012027.0
France,Europe,High income,2000,39000.0,3.03,1.64,9.03,79.3,5.13,9.28,16.53,8.06,92.0,926088170.0
France,Europe,High income,2001,39396.86,1.02,2.1,4.13,79.7,4.79,7.83,38.8,11.21,94.61,535024526.0
France,Europe,High income,2002,40273.18,1.62,2.5,7.66,80.4,5.96,12.25,23.56,11.86,83.57,815600510.0
France,Europe,High income,2003,42224.66,2.68,4.49,6.19,77.7,5.86,9.84,27.9,8.81,71.69,605191598.0
France,Europe,High income,2004,49053.24,5.9,0.79,4.56,79.0,5.81,10.22,38.6,8.83,84.33,1057181179.0
France,Europe,High income,2005,44575.84,2.71,5.43,4.72,81.5,6.23,7.44,35.03,10.65,87.8,1312374599.0
France,Europe,High income,2006,46349.93,2.92,1.7,3.94,81.1,6.74,9.03,33.09,13.4,91.41,416919058.0
France,Europe,High income,2007,62147.82,6.88,6.62,6.25,80.7,6.4,8.07,34.78,9.5,90.3,345727071.0
France,Europe,High income,2008,45066.89,1.82,3.3,3.84,81.4,7.17,9.59,18.04,10.89,100.0,776140007.0
France,Europe,High income,2009,29931.87,-2.9,2.5,2.79,79.4,4.68,7.77,9.06,11.18,96.89,830465546.0
France,Europe,High income,2010,37644.74,-0.35,0.5,1.95,83.0,4.95,12.84,24.36,10.37,100.0,785143802.0
France,Europe,High income,2011,72594.24,5.81,6.26,6.91,79.4,6.33,8.99,43.12,12.23,90.01,990899468.0
France,Europe,High income,2012,51592.17,2.36,5.96,2.72,80.4,4.78,6.2,29.17,9.76,100.0,1397687342.0
France,Europe,High income,2013,59745.69,3.34,3.38,6.15,84.7,4.42,8.48,32.62,12.29,96.46,537674216.0
France,Europe,High income,2014,83543.67,5.59,6.09,4.02,78.9,5.64,6.35,33.23,9.7,96.34,1221885986.0
France,Europe,High income,2015,35256.61,-0.67,2.26,5.8,80.9,6.89,7.33,29.48,10.41,98.72,695297383.0
France,Europe,High income,2016,87634.17,5.19,2.09,3.8,82.3,4.5,9.45,37.66,12.45,100.0,366757104.0
France,Europe,High income,2017,53112.63,1.83,3.71,4.56,79.9,4.58,8.54,45.68,8.95,100.0,88183158.0
France,Europe,High income,2018,26306.94,-2.16,4.77,6.47,81.1,5.57,9.77,14.37,8.94,100.0,277737637.0
France,Europe,High income,2019,38574.5,-0.06,0.5,9.83,82.0,5.85,7.79,26.85,9.15,100.0,351727843.0
France,Europe,High income,2020,15728.26,-4.44,5.3,5.97,82.1,5.93,10.04,31.76,9.27,100.0,641891748.0
France,Europe,High income,2021,142228.23,6.36,0.5,4.88,81.3,7.51,11.65,19.66,8.58,100.0,717747457.0
France,Europe,High income,2022,58635.02,1.87,9.75,3.71,80.7,5.02,7.57,31.23,13.25,100.0,1231474806.0
France,Europe,High income,2023,58068.46,1.75,2.28,6.02,83.1,5.47,8.91,22.64,10.17,100.0,697188605.0
Japan,Asia,High income,2000,40000.0,2.74,1.5,4.15,81.3,5.61,6.84,39.19,8.66,98.73,1117180866.0
Japan,Asia,High income,2001,41657.63,4.14,4.53,4.62,76.7,5.62,10.47,36.56,11.67,77.22,1268647485.0
Japan,Asia,High income,2002,41288.13,1.6,2.19,3.09,80.1,7.56,7.4,30.24,12.82,82.2,1377762391.0
Japan,Asia,High income,2003,43727.25,3.01,5.3,7.86,77.1,5.24,9.05,27.33,13.59,86.74,1246416145.0
Japan,Asia,High income,2004,44238.54,2.55,2.29,5.68,79.0,5.67,10.98,19.93,12.28,99.17,643241643.0
Japan,Asia,High income,2005,44136.13,1.99,2.82,1.0,78.8,6.49,9.82,21.6,8.87,83.39,487444006.0
Japan,Asia,High income,2006,53934.49,5.11,2.36,7.43,82.9,6.5,8.35,34.04,9.95,79.96,946810498.0
Japan,Asia,High income,2007,48476.81,2.78,5.39,2.76,79.2,6.02,8.24,37.78,12.75,100.0,717960327.0
Japan,Asia,High income,2008,41296.1,0.4,3.64,6.03,80.6,5.85,9.73,36.35,12.22,96.1,939189871.0
Japan,Asia,High income,2009,32639.24,-2.23,3.07,5.3,76.9,3.22,9.21,41.01,10.51,92.87,155453470.0
Japan,Asia,High income,2010,45230.08,1.24,2.82,5.66,80.9,6.21,8.35,35.13,9.48,100.0,25700175.0
Japan,Asia,High income,2011,57216.04,3.31,4.78,3.95,82.0,5.11,9.51,23.54,8.18,97.42,339030413.0
Japan,Asia,High income,2012,51723.5,2.17,2.39,6.6,77.6,4.45,7.4,39.5,13.42,96.96,1112512301.0
Japan,Asia,High income,2013,51063.37,1.9,3.17,4.07,79.5,5.54,9.52,41.64,10.53,100.0,1161086876.0
Japan,Asia,High income,2014,56838.2,2.54,5.0,1.0,82.5,4.85,6.25,35.11,12.75,99.63,850121865.0
Japan,Asia,High income,2015,71161.41,3.92,5.44,8.5,79.2,6.28,7.55,30.3,9.49,78.47,913287851.0
Japan,Asia,High income,2016,58659.23,2.42,4.1,5.09,84.8,4.88,9.29,22.58,7.36,97.88,196463725.0
Japan,Asia,High income,2017,57267.42,2.13,2.56,1.0,82.5,4.26,7.66,23.31,9.59,100.0,11225814.0
Japan,Asia,High income,2018,53639.8,1.64,1.5,5.64,84.4,3.62,9.17,28.4,11.34,100.0,159816832.0
Japan,Asia,High income,2019,46947.46,0.85,3.21,1.0,81.8,6.58,8.4,23.47,7.24,89.92,575723995.0
Japan,Asia,High income,2020,16540.88,-4.32,4.02,4.84,83.8,5.02,9.22,46.12,11.79,100.0,639002994.0
Japan,Asia,High income,2021,102769.41,4.6,1.22,4.39,85.2,5.01,9.77,28.32,12.45,100.0,507007027.0
Japan,Asia,High income,2022,62140.54,2.02,7.04,6.42,82.8,6.45,9.43,23.88,10.72,100.0,16883402.0
Japan,Asia,High income,2023,68946.31,2.4,0.5,3.71,87.8,5.01,6.06,37.33,11.71,100.0,1183923306.0
South Korea,Asia,High income,2000,31000.0,1.04,6.55,2.61,80.8,6.5,7.99,43.92,9.5,82.89,1283331013.0
South Korea,Asia,High income,2001,31827.26,2.67,0.5,3.61,75.5,6.67,11.38,37.8,8.03,96.32,234020852.0
South Korea,Asia,High income,2002,31130.17,0.21,2.57,4.38,80.9,6.81,11.09,24.38,9.58,66.17,948130335.0
South Korea,Asia,High income,2003,31702.21,0.75,0.5,7.54,83.2,5.04,8.93,18.53,10.01,79.74,1349642361.0
South Korea,Asia,High income,2004,32791.55,1.41,2.78,4.82,78.9,5.24,11.4,35.61,9.41,92.97,844318556.0
South Korea,Asia,High income,2005,33559.19,1.6,0.5,2.03,80.8,3.46,9.27,18.2,13.15,90.0,1167193122.0
South Korea,Asia,High income,2006,29111.84,-1.04,1.91,3.42,78.7,5.33,8.29,10.21,11.5,78.27,621939227.0
South Korea,Asia,High income,2007,37179.29,2.63,2.59,9.67,80.6,6.4,11.94,41.27,9.1,77.74,55723616.0
South Korea,Asia,High income,2008,53103.96,6.96,2.5,5.51,81.1,6.59,9.15,33.08,9.22,94.69,386436712.0
South Korea,Asia,High income,2009,24871.35,-2.42,4.75,2.65,80.3,5.89,9.38,40.46,7.1,85.07,284910716.0
South Korea,Asia,High income,2010,34679.09,1.13,5.75,1.0,86.5,6.56,9.33,29.45,10.57,100.0,803153768.0
South Korea,Asia,High income,2011,44596.76,3.36,5.33,4.59,80.4,6.5,12.5,31.92,13.91,94.09,1011928387.0
South Korea,Asia,High income,2012,34146.33,0.81,3.81,3.06,78.0,4.87,10.29,39.53,11.03,100.0,1036796347.0
South Korea,Asia,High income,2013,46272.06,3.13,3.84,3.81,82.3,6.68,9.88,34.5,8.47,100.0,682935120.0
South Korea,Asia,High income,2014,40381.91,1.91,1.51,3.65,80.8,4.71,8.54,11.06,10.43,100.0,1112424505.0
South Korea,Asia,High income,2015,34569.66,0.73,2.64,5.17,80.9,4.79,7.5,22.37,11.75,96.2,1300954661.0
South Korea,Asia,High income,2016,55380.44,3.69,2.61,4.47,77.4,6.14,7.14,30.6,10.55,100.0,172527490.0
South Korea,Asia,High income,2017,30188.69,-0.16,3.02,7.01,85.9,4.21,8.03,31.89,7.79,100.0,999676709.0
South Korea,Asia,High income,2018,53307.74,3.06,4.01,7.12,87.2,5.89,8.24,29.74,6.46,100.0,881565997.0
South Korea,Asia,High income,2019,40853.73,1.46,1.75,5.03,83.8,4.47,7.71,41.26,9.45,100.0,378915404.0
South Korea,Asia,High income,2020,9672.46,-5.66,4.75,8.53,82.4,6.35,8.79,33.9,9.79,100.0,691592750.0
South Korea,Asia,High income,2021,89011.52,5.15,6.14,2.34,83.2,4.68,9.29,30.68,7.89,100.0,147958209.0
South Korea,Asia,High income,2022,63437.28,3.31,9.41,4.72,81.4,5.5,9.9,15.56,5.41,100.0,518053652.0
South Korea,Asia,High income,2023,31019.38,0.0,5.47,4.36,81.7,5.98,8.44,51.04,9.45,100.0,949099574.0
Canada,Americas,High income,2000,43000.0,-0.6,4.64,5.75,77.2,4.63,10.69,18.11,13.29,70.99,1246355896.0
Canada,Americas,High income,2001,44440.12,3.35,1.24,2.17,75.7,5.62,6.71,18.66,9.56,55.11,566303501.0
Canada,Americas,High income,2002,48810.8,6.54,4.57,4.96,78.8,5.52,9.82,18.19,12.23,90.15,730053819.0
Canada,Americas,High income,2003,47664.83,3.49,2.52,5.38,81.4,4.76,5.76,32.56,11.98,70.99,1363885124.0
Canada,Americas,High income,2004,47486.21,2.51,3.49,4.55,82.6,3.9,7.76,28.97,6.71,84.24,81453307.0
Canada,Americas,High income,2005,55380.14,5.19,4.07,5.1,79.3,4.85,8.01,24.02,10.68,77.56,1093959937.0
Canada,Americas,High income,2006,43516.96,0.2,3.49,6.0,82.2,7.08,7.48,21.89,7.48,86.66,658248581.0
Canada,Americas,High income,2007,53026.51,3.04,3.66,6.24,77.9,5.34,9.06,35.85,10.01,74.24,951628656.0
Canada,Americas,High income,2008,49822.69,1.86,4.29,4.64,82.9,3.29,11.3,15.76,9.47,87.71,1344897452.0
Canada,Americas,High income,2009,40217.32,-0.74,5.1,5.66,79.5,3.88,7.93,31.57,10.33,93.91,266555656.0
Canada,Americas,High income,2010,57601.27,2.97,3.04,3.72,81.5,7.3,8.71,37.2,7.41,85.44,791336895.0
Canada,Americas,High income,2011,59842.78,3.05,2.99,8.12,81.9,5.29,9.94,17.31,8.61,85.66,1187334904.0
Canada,Americas,High income,2012,50530.69,1.35,3.53,4.13,80.7,7.6,8.63,26.42,8.7,100.0,1390560394.0
Canada,Americas,High income,2013,54736.98,1.87,0.5,1.79,81.4,5.65,9.15,35.88,12.38,93.58,351776436.0
Canada,Americas,High income,2014,35568.27,-1.35,4.79,2.58,82.6,5.51,7.57,25.93,11.37,100.0,611541559.0
Canada,Americas,High income,2015,69493.15,3.25,4.1,10.27,79.6,6.46,10.17,27.09,12.82,98.45,667131859.0
Canada,Americas,High income,2016,40250.61,-0.41,2.98,2.5,82.1,6.39,8.37,5.0,10.4,100.0,465401351.0
Canada,Americas,High income,2017,70229.44,2.93,5.07,6.48,79.6,5.92,9.16,40.53,8.85,88.83,53080741.0
Canada,Americas,High income,2018,71008.04,2.83,2.03,3.65,81.8,4.41,7.37,36.79,7.7,100.0,591969561.0
Canada,Americas,High income,2019,75856.38,3.03,0.88,2.6,83.6,6.08,8.31,18.65,12.92,91.3,925589449.0
Canada,Americas,High income,2020,16603.81,-4.65,1.38,6.34,83.0,5.92,11.1,36.5,6.99,100.0,1062727893.0
Canada,Americas,High income,2021,106287.91,4.4,3.07,3.09,77.5,5.66,10.62,39.96,11.63,100.0,972586300.0
Canada,Americas,High income,2022,89700.91,3.4,7.84,6.68,81.1,4.94,7.35,34.4,11.56,100.0,1325953389.0
Canada,Americas,High income,2023,138410.13,5.21,0.5,4.85,83.4,4.97,7.93,44.44,9.88,100.0,329345280.0
Australia,Oceania,High income,2000,52000.0,3.8,4.15,6.0,79.1,5.51,8.01,36.99,10.84,84.92,774013552.0
Australia,Oceania,High income,2001,52651.63,1.25,1.01,4.44,76.9,4.49,9.56,38.1,8.7,89.22,875011302.0
Australia,Oceania,High income,2002,56656.59,4.38,3.52,4.26,79.6,3.72,9.61,19.71,7.29,67.78,1025912321.0
Australia,Oceania,High income,2003,58835.85,4.2,1.63,4.7,78.0,6.43,11.72,23.43,9.14,82.87,523802505.0
Australia,Oceania,High income,2004,57371.47,2.49,4.0,7.23,82.5,5.14,7.01,25.87,10.52,76.36,605110489.0
Australia,Oceania,High income,2005,53252.43,0.48,0.5,5.15,82.8,4.89,8.04,47.02,7.78,70.89,370354630.0
Australia,Oceania,High income,2006,58732.24,2.05,0.5,3.16,77.9,5.71,9.1,22.78,10.35,83.53,838862900.0
Australia,Oceania,High income,2007,58557.08,1.71,6.0,7.5,82.4,6.51,6.64,39.26,11.31,75.13,1212600839.0
Australia,Oceania,High income,2008,66864.21,3.19,5.68,5.78,77.5,6.55,10.75,27.71,9.91,76.69,630630817.0
Australia,Oceania,High income,2009,48048.31,-0.87,4.78,5.99,79.6,5.92,7.7,28.59,10.63,95.4,607912351.0
Australia,Oceania,High income,2010,59837.71,1.41,0.5,8.5,83.3,4.21,10.03,24.97,10.53,97.94,1034343049.0
Australia,Oceania,High income,2011,63124.72,1.78,1.6,3.26,84.1,5.2,11.42,39.97,10.82,100.0,1152265835.0
Australia,Oceania,High income,2012,68609.02,2.34,4.49,5.96,78.3,6.37,10.33,22.37,10.08,100.0,818436249.0
Australia,Oceania,High income,2013,65767.74,1.82,0.5,5.57,82.6,5.23,10.66,36.41,14.28,91.99,348112860.0
Australia,Oceania,High income,2014,60685.91,1.11,6.44,8.99,79.6,4.95,10.29,26.13,9.91,100.0,79118420.0
Australia,Oceania,High income,2015,43023.22,-1.26,4.59,4.97,81.8,5.12,11.62,19.82,8.6,97.58,225067429.0
Australia,Oceania,High income,2016,91892.43,3.62,3.68,6.14,83.3,5.17,8.08,19.15,8.35,100.0,499961922.0
Australia,Oceania,High income,2017,108835.34,4.44,5.1,4.07,80.2,6.51,7.28,16.37,11.42,100.0,1226909047.0
Australia,Oceania,High income,2018,71518.09,1.79,1.3,5.35,87.7,5.87,8.53,39.22,10.97,100.0,615175236.0
Australia,Oceania,High income,2019,96226.98,3.29,0.79,5.72,79.9,6.03,7.44,37.44,10.22,100.0,226327240.0
Australia,Oceania,High income,2020,14839.52,-6.08,0.5,7.57,81.4,7.93,9.65,16.22,8.87,100.0,582377257.0
Australia,Oceania,High income,2021,381826.53,9.96,5.68,1.0,84.3,6.56,9.0,17.03,12.03,100.0,884170780.0
Australia,Oceania,High income,2022,56463.06,0.37,7.17,3.15,82.8,4.6,8.39,20.04,11.3,100.0,286440779.0
Australia,Oceania,High income,2023,77985.2,1.78,0.5,5.52,82.4,4.74,12.04,39.58,7.81,100.0,14465298.0
Mexico,Americas,Upper middle income,2000,9800.0,4.7,9.52,7.74,72.8,3.95,6.84,35.96,3.75,41.81,1197036140.0
Mexico,Americas,Upper middle income,2001,10142.27,3.49,5.82,9.05,71.8,3.3,4.59,34.41,5.99,56.94,93657337.0
Mexico,Americas,Upper middle income,2002,10292.76,2.48,6.42,9.4,71.3,2.12,5.93,18.65,2.62,51.76,517719092.0
Mexico,Americas,Upper middle income,2003,10877.62,3.54,9.52,6.43,75.0,4.97,4.69,46.1,5.54,74.63,93515424.0
Mexico,Americas,Upper middle income,2004,11977.08,5.14,8.91,8.41,74.2,4.08,7.12,29.1,3.28,75.03,238248468.0
Mexico,Americas,Upper middle income,2005,12957.47,5.74,6.3,6.76,73.5,4.22,5.81,39.42,6.57,65.61,810540053.0
Mexico,Americas,Upper middle income,2006,10664.34,1.42,6.8,10.62,72.5,3.15,4.02,14.1,3.43,60.29,1271020000.0
Mexico,Americas,Upper middle income,2007,10138.35,0.49,3.26,7.06,73.5,3.52,6.73,20.79,7.22,71.47,381088482.0
Mexico,Americas,Upper middle income,2008,10841.22,1.27,9.78,7.34,74.3,2.82,3.66,30.97,3.1,71.63,370856720.0
Mexico,Americas,Upper middle income,2009,8618.09,-1.42,10.09,8.07,74.8,4.76,3.58,39.35,4.08,67.84,363777241.0
Mexico,Americas,Upper middle income,2010,15772.83,4.87,2.87,7.19,73.0,4.68,4.55,21.71,6.46,73.35,348987726.0
Mexico,Americas,Upper middle income,2011,16396.91,4.79,4.59,7.25,76.0,3.19,5.55,28.16,4.81,66.46,182547897.0
Mexico,Americas,Upper middle income,2012,15513.13,3.9,5.73,7.67,76.7,5.08,3.03,31.22,7.66,76.87,788971793.0
Mexico,Americas,Upper middle income,2013,22846.3,6.73,7.93,7.66,77.2,5.75,7.65,20.08,2.29,68.97,835794202.0
Mexico,Americas,Upper middle income,2014,19195.14,4.92,1.8,8.25,75.9,3.41,5.19,44.54,3.99,65.41,1318397935.0
Mexico,Americas,Upper middle income,2015,29834.11,7.7,6.0,4.45,76.5,5.08,3.03,33.68,5.81,67.28,839223312.0
Mexico,Americas,Upper middle income,2016,22758.87,5.41,4.24,10.97,73.3,3.66,5.51,40.54,6.71,83.15,1345307746.0
Mexico,Americas,Upper middle income,2017,23044.17,5.16,4.04,13.12,72.3,3.69,2.52,30.39,5.3,88.15,830179833.0
Mexico,Americas,Upper middle income,2018,16210.64,2.84,5.7,6.85,73.8,4.2,3.86,13.69,6.25,88.3,401484109.0
Mexico,Americas,Upper middle income,2019,14248.08,1.99,6.58,7.15,77.2,3.88,4.73,20.15,5.69,86.58,1313182341.0
Mexico,Americas,Upper middle income,2020,8839.12,-0.51,4.51,9.65,71.9,3.51,4.57,22.44,4.52,84.38,390076690.0
Mexico,Americas,Upper middle income,2021,62199.21,9.2,4.77,9.1,73.1,3.24,4.43,19.2,7.74,75.11,88059497.0
Mexico,Americas,Upper middle income,2022,31743.5,5.49,8.89,6.17,73.4,3.97,3.73,30.73,1.43,84.4,813188369.0
Mexico,Americas,Upper middle income,2023,28512.33,4.75,3.67,7.04,72.6,4.78,3.73,24.75,1.23,85.56,1151422505.0
Indonesia,Asia,Lower middle income,2000,4000.0,5.15,6.73,13.48,64.4,4.83,4.22,29.82,2.24,28.94,1176231256.0
Indonesia,Asia,Lower middle income,2001,3988.68,-0.28,5.63,9.0,68.6,2.93,1.0,10.31,0.65,36.86,1203782647.0
Indonesia,Asia,Lower middle income,2002,4031.13,0.39,6.15,13.13,64.8,2.76,2.55,44.04,4.75,50.19,322142503.0
Indonesia,Asia,Lower middle income,2003,4633.53,5.02,3.81,11.73,63.7,3.4,1.06,27.91,0.1,22.35,256381473.0
Indonesia,Asia,Lower middle income,2004,4653.43,3.86,9.67,7.79,66.0,4.22,2.23,17.82,1.04,42.8,1114398979.0
Indonesia,Asia,Lower middle income,2005,5373.72,6.08,9.04,8.04,64.4,2.32,2.46,30.39,2.09,36.25,878446845.0
Indonesia,Asia,Lower middle income,2006,4942.18,3.59,8.92,5.83,64.7,2.97,1.64,15.63,0.16,36.92,655562641.0
Indonesia,Asia,Lower middle income,2007,5605.18,4.94,11.18,9.59,66.0,1.79,5.91,10.99,3.84,31.85,239406354.0
Indonesia,Asia,Lower middle income,2008,6338.81,5.92,5.74,11.54,66.6,3.51,8.89,5.0,4.95,34.13,35447841.0
Indonesia,Asia,Lower middle income,2009,5874.1,4.36,6.89,9.4,66.8,2.11,1.78,19.54,3.94,33.63,549234961.0
Indonesia,Asia,Lower middle income,2010,5860.9,3.89,8.72,8.54,68.0,3.69,5.77,23.24,2.84,40.98,1085454051.0
Indonesia,Asia,Lower middle income,2011,10732.72,9.39,6.59,7.59,67.7,3.2,4.04,10.38,0.1,52.97,1187428874.0
Indonesia,Asia,Lower middle income,2012,5592.6,2.83,9.91,11.75,69.7,2.4,2.66,8.61,0.72,52.97,1309710577.0
Indonesia,Asia,Lower middle income,2013,6744.46,4.1,7.06,7.69,64.8,3.3,2.92,29.85,0.1,44.6,659608873.0
Indonesia,Asia,Lower middle income,2014,13570.9,9.12,9.55,10.93,70.1,2.05,5.62,34.32,1.03,57.36,380650637.0
Indonesia,Asia,Lower middle income,2015,5528.66,2.18,7.0,9.01,65.6,1.12,3.34,42.13,1.37,28.99,420268927.0
Indonesia,Asia,Lower middle income,2016,4992.62,1.4,11.97,11.82,67.6,4.26,1.73,30.43,1.9,51.64,920014182.0
Indonesia,Asia,Lower middle income,2017,18186.75,9.32,7.57,11.72,68.5,3.51,3.27,15.88,0.1,49.53,1372805234.0
Indonesia,Asia,Lower middle income,2018,22419.34,10.05,9.2,10.14,67.3,2.05,3.12,27.58,0.1,55.34,1146326951.0
Indonesia,Asia,Lower middle income,2019,10170.58,5.03,7.87,10.9,67.0,2.85,3.19,21.98,0.1,51.16,859751444.0
Indonesia,Asia,Lower middle income,2020,7165.91,2.96,4.91,15.17,67.1,2.91,4.99,12.13,0.1,49.16,293078594.0
Indonesia,Asia,Lower middle income,2021,48483.29,12.62,7.86,8.3,70.6,2.94,2.17,11.99,2.47,61.12,538763201.0
Indonesia,Asia,Lower middle income,2022,3904.98,-0.11,11.22,10.38,69.2,2.49,3.05,5.0,0.18,62.54,1359625695.0
Indonesia,Asia,Lower middle income,2023,7143.05,2.55,11.45,11.0,68.2,2.29,3.4,15.93,1.86,64.37,107985866.0
Nigeria,Africa,Lower middle income,2000,2100.0,7.64,3.9,12.32,64.3,3.43,4.8,11.28,0.1,22.11,578734938.0
Nigeria,Africa,Lower middle income,2001,2166.12,3.15,10.31,12.57,64.8,2.32,2.43,21.5,0.1,23.58,1231122637.0
Nigeria,Africa,Lower middle income,2002,2140.37,0.96,8.64,13.51,65.3,3.23,4.04,12.31,4.91,30.02,948574581.0
Nigeria,Africa,Lower middle income,2003,2825.36,10.4,11.25,8.99,64.9,3.27,3.23,37.55,1.04,41.15,530967159.0
Nigeria,Africa,Lower middle income,2004,2546.97,4.94,8.62,9.89,68.0,1.05,3.22,6.82,3.02,30.06,1019855011.0
Nigeria,Africa,Lower middle income,2005,2912.31,6.76,10.62,7.64,68.4,2.53,3.11,21.64,4.06,43.38,168982417.0
Nigeria,Africa,Lower middle income,2006,2312.65,1.62,9.14,10.9,62.2,1.84,2.58,21.99,0.1,37.89,118236663.0
Nigeria,Africa,Lower middle income,2007,3211.06,6.25,6.32,9.55,63.8,3.34,2.44,19.93,0.31,34.44,55628871.0
Nigeria,Africa,Lower middle income,2008,2061.99,-0.23,12.64,10.15,65.4,2.91,2.94,7.69,4.49,37.41,385697234.0
Nigeria,Africa,Lower middle income,2009,3210.35,4.83,7.96,11.87,65.9,3.78,2.05,25.7,3.92,35.81,1128005503.0
Nigeria,Africa,Lower middle income,2010,2927.28,3.38,6.58,9.78,64.7,3.84,2.45,5.0,0.75,29.61,742151851.0
Nigeria,Africa,Lower middle income,2011,2244.35,0.61,8.5,7.63,67.9,3.71,2.74,23.3,0.1,28.04,572133586.0
Nigeria,Africa,Lower middle income,2012,3492.54,4.33,8.32,9.81,66.0,2.05,3.91,11.83,3.05,32.98,576119909.0
Nigeria,Africa,Lower middle income,2013,3179.73,3.24,9.52,7.71,68.0,3.97,2.44,36.82,2.46,37.54,504984070.0
Nigeria,Africa,Lower middle income,2014,2736.73,1.91,9.79,11.79,70.8,2.59,4.07,47.82,0.26,30.65,462733392.0
Nigeria,Africa,Lower middle income,2015,2056.32,-0.14,10.29,10.42,69.1,3.54,5.2,27.95,2.83,40.26,354610364.0
Nigeria,Africa,Lower middle income,2016,7411.95,8.2,8.9,12.37,65.0,4.67,5.28,32.36,5.06,32.43,1076129573.0
Nigeria,Africa,Lower middle income,2017,4041.82,3.93,9.46,7.93,68.8,1.68,1.79,32.1,3.65,53.75,63473051.0
Nigeria,Africa,Lower middle income,2018,3549.86,2.96,10.5,11.56,67.6,2.58,1.0,14.29,5.32,39.2,414656875.0
Nigeria,Africa,Lower middle income,2019,6432.16,6.07,8.44,10.15,71.1,4.95,1.84,25.01,1.89,45.52,477671521.0
Nigeria,Africa,Lower middle income,2020,2553.08,0.98,9.54,13.88,66.5,3.23,1.0,31.03,2.1,61.39,951646639.0
Nigeria,Africa,Lower middle income,2021,25736.29,12.67,7.77,10.51,69.5,1.86,4.82,42.35,3.83,44.04,779431511.0
Nigeria,Africa,Lower middle income,2022,3909.4,2.87,11.24,10.46,69.6,2.78,1.69,33.81,2.94,48.84,356646624.0
Nigeria,Africa,Lower middle income,2023,17170.89,9.57,8.05,9.4,69.7,5.77,3.15,16.58,4.34,43.61,544522524.0
South Africa,Africa,Upper middle income,2000,5800.0,3.17,5.58,5.74,71.4,5.42,1.27,37.77,5.68,42.93,564083858.0
South Africa,Africa,Upper middle income,2001,5876.08,1.31,8.41,9.28,70.6,3.6,3.62,28.27,8.46,63.53,981005789.0
South Africa,Africa,Upper middle income,2002,6434.76,5.33,6.72,10.52,72.3,2.82,5.67,45.86,2.97,54.39,176206931.0
South Africa,Africa,Upper middle income,2003,6722.12,5.04,11.11,5.72,70.7,4.09,6.77,47.78,6.31,46.8,1148184469.0
South Africa,Africa,Upper middle income,2004,6783.61,3.99,4.82,4.82,74.3,4.91,2.68,40.9,6.15,75.0,652921137.0
South Africa,Africa,Upper middle income,2005,5989.38,0.64,7.2,5.16,68.7,4.81,4.44,23.44,6.53,72.6,464227430.0
South Africa,Africa,Upper middle income,2006,6375.12,1.59,9.26,6.43,76.1,4.68,4.79,19.81,4.32,68.28,529285980.0
South Africa,Africa,Upper middle income,2007,7732.05,4.19,5.64,6.01,70.5,4.02,1.9,18.14,3.14,63.11,1236641405.0
South Africa,Africa,Upper middle income,2008,5578.86,-0.48,5.29,5.58,77.1,3.47,5.27,29.0,5.26,66.23,842728524.0
South Africa,Africa,Upper middle income,2009,5304.07,-0.99,4.41,9.98,71.7,3.64,3.32,21.41,3.32,75.26,82462145.0
South Africa,Africa,Upper middle income,2010,14259.46,9.41,8.38,7.43,75.6,5.11,4.15,16.84,5.16,78.62,555139519.0
South Africa,Africa,Upper middle income,2011,9262.7,4.35,4.46,6.12,73.2,2.85,3.87,26.73,7.4,74.67,112721366.0
South Africa,Africa,Upper middle income,2012,17574.86,9.68,5.19,7.98,74.9,4.2,4.85,29.36,0.1,79.82,941314837.0
South Africa,Africa,Upper middle income,2013,10045.23,4.32,8.76,6.83,72.8,4.84,4.74,14.3,2.47,89.79,76864289.0
South Africa,Africa,Upper middle income,2014,13290.72,6.1,6.42,4.41,73.0,3.39,4.88,29.26,5.84,58.24,1119796819.0
South Africa,Africa,Upper middle income,2015,15256.07,6.66,8.54,7.43,76.7,4.57,2.72,42.47,5.1,83.27,847322781.0
South Africa,Africa,Upper middle income,2016,13525.17,5.43,3.45,4.42,75.0,4.15,4.08,26.41,8.18,85.95,112607964.0
South Africa,Africa,Upper middle income,2017,7041.48,1.15,3.57,6.58,73.5,3.45,4.19,23.64,5.57,55.52,676870352.0
South Africa,Africa,Upper middle income,2018,18706.55,6.72,5.25,7.04,72.4,5.7,7.85,26.57,7.05,83.75,903978268.0
South Africa,Africa,Upper middle income,2019,6569.93,0.66,5.02,8.64,71.6,4.12,5.48,26.31,4.33,73.38,776847159.0
South Africa,Africa,Upper middle income,2020,10241.95,2.88,8.77,9.4,69.8,3.64,4.9,14.89,3.97,100.0,441851559.0
South Africa,Africa,Upper middle income,2021,40237.76,9.66,3.21,5.87,76.4,5.04,2.89,51.45,3.21,73.38,1095504924.0
South Africa,Africa,Upper middle income,2022,14078.04,4.11,10.1,6.0,72.6,4.32,4.91,30.0,3.93,100.0,588305401.0
South Africa,Africa,Upper middle income,2023,8758.27,1.81,8.4,7.57,76.1,4.28,5.24,21.34,4.5,78.8,768249487.0
Egypt,Africa,Lower middle income,2000,3700.0,7.01,3.01,8.07,68.3,2.42,1.24,23.02,5.64,6.68,831495994.0
Egypt,Africa,Lower middle income,2001,3786.8,2.35,5.64,10.53,70.3,1.64,1.0,28.39,3.91,20.26,789668143.0
Egypt,Africa,Lower middle income,2002,4326.74,8.14,5.85,12.75,65.9,3.69,5.2,13.88,1.43,22.69,839219352.0
Egypt,Africa,Lower middle income,2003,3789.11,0.8,4.31,10.24,65.4,2.77,4.49,15.92,1.63,25.9,1318093195.0
Egypt,Africa,Lower middle income,2004,4524.95,5.16,5.4,10.47,64.1,1.0,4.79,34.58,1.6,33.29,1246976508.0
Egypt,Africa,Lower middle income,2005,5620.93,8.72,10.51,10.78,68.9,2.56,3.22,33.27,0.36,24.6,278503085.0
Egypt,Africa,Lower middle income,2006,4431.88,3.05,5.87,14.25,68.6,4.92,1.17,25.71,0.1,27.04,560737814.0
Egypt,Africa,Lower middle income,2007,4472.44,2.75,10.67,12.37,65.8,4.0,5.85,32.54,2.46,37.49,1395730710.0
Egypt,Africa,Lower middle income,2008,4536.27,2.58,12.01,10.67,65.7,2.18,1.92,45.5,1.5,44.82,1064127760.0
Egypt,Africa,Lower middle income,2009,4092.77,1.13,8.39,6.61,67.5,3.19,4.51,17.99,3.02,49.04,1351911746.0
Egypt,Africa,Lower middle income,2010,4756.03,2.54,7.43,12.39,68.3,1.63,3.53,5.22,1.59,58.98,1043428032.0
Egypt,Africa,Lower middle income,2011,4936.79,2.66,7.0,7.16,65.0,2.36,3.16,25.76,4.18,34.57,1255844907.0
Egypt,Africa,Lower middle income,2012,6262.26,4.48,8.74,9.75,67.7,2.5,2.73,15.1,1.43,34.89,1132452440.0
Egypt,Africa,Lower middle income,2013,4883.54,2.16,7.25,11.43,65.8,3.42,3.5,26.42,0.1,56.8,701060755.0
Egypt,Africa,Lower middle income,2014,8344.89,5.98,12.43,9.28,65.6,3.37,3.47,36.93,0.1,53.31,1324076708.0
Egypt,Africa,Lower middle income,2015,10603.59,7.27,9.63,9.15,68.1,2.28,4.27,36.51,2.61,43.83,236817419.0
Egypt,Africa,Lower middle income,2016,9009.26,5.72,7.7,12.38,67.2,1.88,2.41,26.79,3.96,55.03,715803537.0
Egypt,Africa,Lower middle income,2017,6063.66,2.95,6.28,14.59,68.3,3.38,2.11,28.15,2.45,59.87,975985320.0
Egypt,Africa,Lower middle income,2018,15075.23,8.12,7.37,8.86,68.4,3.93,2.67,35.65,4.41,42.84,1318910478.0
Egypt,Africa,Lower middle income,2019,6475.1,2.99,9.99,8.54,65.8,2.7,3.04,22.36,1.38,55.71,500390671.0
Egypt,Africa,Lower middle income,2020,5879.86,2.34,3.73,15.03,67.7,6.24,6.46,23.19,1.29,64.96,581496343.0
Egypt,Africa,Lower middle income,2021,64838.97,14.61,10.8,9.24,69.2,2.52,1.51,43.27,0.1,53.64,1053084009.0
Egypt,Africa,Lower middle income,2022,3273.27,-0.56,12.29,11.59,68.1,2.54,2.76,21.29,0.1,50.85,168948825.0
Egypt,Africa,Lower middle income,2023,17782.24,7.06,8.3,9.42,68.2,3.74,3.05,14.58,0.1,44.6,870052209.0
Turkey,Europe,Upper middle income,2000,8600.0,2.54,6.66,9.51,71.1,3.31,2.05,26.03,9.08,57.77,676783290.0
Turkey,Europe,Upper middle income,2001,8939.21,3.94,6.5,3.75,72.7,3.44,2.87,19.83,3.95,66.8,1158619410.0
Turkey,Europe,Upper middle income,2002,8955.34,2.04,4.48,3.46,73.2,2.17,3.16,5.0,4.83,56.5,417643649.0
Turkey,Europe,Upper middle income,2003,9447.7,3.18,4.16,6.02,71.7,4.29,3.66,28.2,5.97,54.82,762710904.0
Turkey,Europe,Upper middle income,2004,10639.93,5.47,5.18,7.51,72.1,4.01,4.51,23.36,5.42,51.07,528186976.0
Turkey,Europe,Upper middle income,2005,9246.54,1.46,7.87,2.53,73.7,3.13,4.23,16.02,7.89,62.66,1035387192.0
Turkey,Europe,Upper middle income,2006,9412.14,1.52,6.84,5.29,73.1,2.74,2.31,21.17,4.75,60.02,1326917687.0
Turkey,Europe,Upper middle income,2007,9245.91,1.04,6.81,5.9,75.7,3.43,6.8,10.24,4.24,62.19,1313320763.0
Turkey,Europe,Upper middle income,2008,14726.46,6.95,8.96,6.59,72.1,5.04,2.87,15.3,4.2,79.38,535281830.0
Turkey,Europe,Upper middle income,2009,11171.55,2.95,7.44,6.33,71.8,2.98,6.77,41.74,3.03,82.55,1153684714.0
Turkey,Europe,Upper middle income,2010,12278.64,3.63,3.13,5.95,74.5,5.3,3.34,21.34,4.7,56.04,541836735.0
Turkey,Europe,Upper middle income,2011,15463.08,5.48,4.93,6.47,71.5,3.95,5.71,22.87,6.33,63.43,765574832.0
Turkey,Europe,Upper middle income,2012,14334.87,4.35,7.99,4.22,74.1,2.9,2.78,17.61,7.38,82.5,69923469.0
Turkey,Europe,Upper middle income,2013,15445.99,4.61,5.52,3.66,75.4,3.17,4.79,32.87,5.59,73.48,623070980.0
Turkey,Europe,Upper middle income,2014,6969.53,-1.49,5.68,7.29,75.8,4.69,5.87,17.0,1.18,72.07,1111612219.0
Turkey,Europe,Upper middle income,2015,22130.54,6.5,6.32,8.14,75.8,4.62,4.5,35.94,4.75,71.81,943421844.0
Turkey,Europe,Upper middle income,2016,29624.79,8.04,5.36,9.65,71.6,4.59,3.89,10.85,5.44,89.09,675900429.0
Turkey,Europe,Upper middle income,2017,11818.56,1.89,4.23,1.82,74.7,4.95,3.48,33.48,2.93,79.03,288769060.0
Turkey,Europe,Upper middle income,2018,26272.64,6.4,6.92,4.64,75.0,4.67,7.29,33.88,6.52,82.6,478626737.0
Turkey,Europe,Upper middle income,2019,21617.15,4.97,4.86,7.39,76.9,3.45,2.53,40.06,7.33,82.63,476336138.0
Turkey,Europe,Upper middle income,2020,11232.22,1.34,6.86,9.44,72.4,4.52,3.75,46.84,6.14,79.19,58575507.0
Turkey,Europe,Upper middle income,2021,32092.42,6.47,7.26,3.25,76.0,4.88,5.88,24.16,5.67,88.2,738859369.0
Turkey,Europe,Upper middle income,2022,14740.3,2.48,10.73,7.62,71.5,6.02,6.94,21.03,2.8,91.48,1018819777.0
Turkey,Europe,Upper middle income,2023,22236.22,4.22,6.15,7.25,72.9,4.38,6.67,40.08,4.5,100.0,740354917.0
Argentina,Americas,Upper middle income,2000,9900.0,4.61,1.84,8.11,70.9,5.92,3.84,8.11,4.06,35.25,1306048332.0
Argentina,Americas,Upper middle income,2001,10481.9,5.88,6.01,8.64,74.5,3.14,4.96,19.54,6.19,54.18,17298237.0
Argentina,Americas,Upper middle income,2002,11570.56,8.11,6.72,5.27,72.2,4.02,5.71,11.33,6.19,30.96,105316731.0
Argentina,Americas,Upper middle income,2003,10637.92,2.43,4.57,5.78,75.6,4.03,5.18,18.26,7.36,57.37,367740523.0
Argentina,Americas,Upper middle income,2004,11015.76,2.71,5.82,11.34,69.8,2.15,6.18,18.21,4.36,53.19,1073351025.0
Argentina,Americas,Upper middle income,2005,11673.42,3.35,6.56,9.03,70.6,5.0,3.91,46.48,8.24,61.37,395044739.0
Argentina,Americas,Upper middle income,2006,13490.14,5.29,5.56,6.96,71.5,4.2,6.15,8.84,5.6,73.32,783125775.0
Argentina,Americas,Upper middle income,2007,12144.55,2.96,4.12,7.07,75.8,2.37,5.35,19.6,5.25,72.6,176998394.0
Argentina,Americas,Upper middle income,2008,17861.78,7.66,8.9,8.92,72.7,4.75,5.42,15.49,5.64,57.08,1272402684.0
Argentina,Americas,Upper middle income,2009,10278.54,0.42,9.53,9.25,71.5,3.42,4.76,41.2,6.13,55.26,56947226.0
Argentina,Americas,Upper middle income,2010,13424.36,3.09,1.99,6.22,72.9,4.63,3.95,41.79,1.18,83.11,1239391811.0
Argentina,Americas,Upper middle income,2011,14360.58,3.44,6.16,5.28,73.2,4.76,4.73,26.62,5.33,75.67,509083803.0
Argentina,Americas,Upper middle income,2012,15339.08,3.72,6.44,9.47,71.7,4.6,4.12,23.68,5.14,58.0,426634349.0
Argentina,Americas,Upper middle income,2013,12893.33,2.05,8.42,6.01,76.1,3.81,3.99,14.06,3.82,88.68,851691822.0
Argentina,Americas,Upper middle income,2014,29358.8,8.07,5.25,6.51,70.3,3.55,3.44,18.92,4.73,85.58,212864207.0
Argentina,Americas,Upper middle income,2015,19211.64,4.52,9.37,9.0,77.6,3.32,5.2,5.0,4.44,78.48,515866025.0
Argentina,Americas,Upper middle income,2016,18147.7,3.86,6.68,8.78,74.4,4.62,7.46,28.81,5.62,63.81,540778284.0
Argentina,Americas,Upper middle income,2017,6351.76,-2.58,4.47,6.93,70.2,5.32,4.63,28.19,5.45,93.12,76927119.0
Argentina,Americas,Upper middle income,2018,20167.2,4.03,6.96,6.46,71.0,3.57,6.19,22.03,4.51,91.86,660541098.0
Argentina,Americas,Upper middle income,2019,15025.27,2.22,4.81,6.02,75.8,3.83,3.01,24.39,4.8,93.26,993685045.0
Argentina,Americas,Upper middle income,2020,11372.83,0.7,4.98,8.31,73.8,3.52,5.54,48.49,3.57,80.83,1097010353.0
Argentina,Americas,Upper middle income,2021,48327.92,7.84,5.68,8.87,71.7,6.64,6.34,22.45,4.39,93.85,861290121.0
Argentina,Americas,Upper middle income,2022,4501.39,-3.52,11.14,7.49,73.1,3.01,3.55,26.11,3.75,92.94,362679976.0
Argentina,Americas,Upper middle income,2023,4756.77,-3.14,4.84,6.48,75.1,4.43,6.27,26.47,4.36,89.75,361055982.0
Saudi Arabia,Asia,High income,2000,23000.0,5.54,2.04,5.65,75.4,3.11,10.27,29.94,12.36,66.27,761530005.0
Saudi Arabia,Asia,High income,2001,23721.24,3.14,3.3,8.86,81.7,4.89,8.41,18.69,8.3,62.4,1094600866.0
Saudi Arabia,Asia,High income,2002,25268.66,4.82,2.84,1.32,81.1,4.91,10.05,30.25,6.91,84.64,624002181.0
Saudi Arabia,Asia,High income,2003,27512.31,6.15,3.14,5.94,81.6,5.7,11.45,36.22,8.49,82.12,641331463.0
Saudi Arabia,Asia,High income,2004,26902.34,4.0,2.43,6.52,79.0,5.44,9.74,32.91,6.01,74.79,1031194208.0
Saudi Arabia,Asia,High income,2005,27812.49,3.87,0.5,2.56,79.6,3.51,7.49,24.14,7.36,66.26,807374713.0
Saudi Arabia,Asia,High income,2006,29587.35,4.29,4.95,3.44,80.3,5.04,9.28,45.09,11.21,94.09,42980151.0
Saudi Arabia,Asia,High income,2007,25395.47,1.43,2.72,7.41,79.2,5.16,8.15,18.8,11.63,100.0,176338068.0
Saudi Arabia,Asia,High income,2008,23798.7,0.43,3.41,4.15,77.5,4.53,10.06,16.93,6.8,85.7,95718221.0
Saudi Arabia,Asia,High income,2009,22020.33,-0.48,2.73,3.21,83.4,5.53,9.15,31.06,12.79,83.05,438311459.0
Saudi Arabia,Asia,High income,2010,29379.07,2.48,2.33,4.96,80.3,6.72,7.38,22.37,12.07,89.04,625133741.0
Saudi Arabia,Asia,High income,2011,34742.68,3.82,4.86,7.19,82.8,7.1,9.63,45.57,9.6,78.83,467620348.0
Saudi Arabia,Asia,High income,2012,36376.41,3.89,3.38,8.9,82.9,4.85,9.04,29.53,6.84,88.6,706033912.0
Saudi Arabia,Asia,High income,2013,26825.74,1.19,0.69,3.31,78.8,5.39,8.1,33.18,11.3,100.0,1074986582.0
Saudi Arabia,Asia,High income,2014,33641.11,2.75,1.35,5.55,83.5,4.9,12.15,24.74,10.06,94.28,609302925.0
Saudi Arabia,Asia,High income,2015,33811.01,2.6,3.79,1.38,82.1,4.73,8.25,34.39,10.16,100.0,654431764.0
Saudi Arabia,Asia,High income,2016,35398.61,2.73,1.45,5.31,81.8,4.83,9.3,23.93,9.19,97.14,1320204406.0
Saudi Arabia,Asia,High income,2017,21562.91,-0.38,5.24,5.74,80.3,5.84,7.65,39.47,7.21,100.0,1396742332.0
Saudi Arabia,Asia,High income,2018,25517.8,0.58,1.07,7.16,83.6,5.99,10.61,21.21,10.7,100.0,56407189.0
Saudi Arabia,Asia,High income,2019,46074.92,3.72,5.16,4.09,81.1,7.35,8.84,23.65,11.55,100.0,897700002.0
Saudi Arabia,Asia,High income,2020,9492.91,-4.33,0.5,7.3,77.6,6.87,7.37,42.55,11.89,100.0,175789098.0
Saudi Arabia,Asia,High income,2021,54142.05,4.16,2.36,5.22,84.2,5.76,8.81,39.67,8.39,100.0,939235653.0
Saudi Arabia,Asia,High income,2022,29930.79,1.2,8.39,7.35,81.8,5.16,9.75,16.43,10.45,100.0,68748463.0
Saudi Arabia,Asia,High income,2023,49895.16,3.42,2.57,7.36,83.6,3.48,9.3,26.81,7.45,100.0,263930964.0
UAE,Asia,High income,2000,43000.0,4.27,3.59,7.54,79.6,4.34,7.0,14.48,11.32,91.89,1038486939.0
UAE,Asia,High income,2001,45377.41,5.53,0.89,6.26,77.4,5.16,9.57,21.95,7.71,86.16,148357658.0
UAE,Asia,High income,2002,45425.56,2.78,5.57,7.59,80.4,6.35,9.77,25.39,11.51,69.06,1341180508.0
UAE,Asia,High income,2003,48504.63,4.1,3.16,4.08,80.5,4.68,8.2,23.46,11.73,84.38,296794264.0
UAE,Asia,High income,2004,48316.6,2.96,1.84,6.76,79.6,5.9,7.56,24.11,9.08,94.57,1056881028.0
UAE,Asia,High income,2005,55455.56,5.22,1.98,1.28,80.2,5.46,7.45,19.56,11.74,67.94,353625681.0
UAE,Asia,High income,2006,47899.48,1.81,3.76,6.38,80.4,6.16,8.9,18.13,12.12,83.11,130677864.0
UAE,Asia,High income,2007,44577.18,0.52,5.72,4.29,77.8,6.04,11.02,17.39,13.95,94.65,955898278.0
UAE,Asia,High income,2008,41984.96,-0.3,6.53,4.89,79.1,5.67,10.42,35.01,8.24,99.42,150287273.0
UAE,Asia,High income,2009,32849.04,-2.95,5.25,5.17,83.4,4.13,6.42,10.67,12.14,85.77,1310679102.0
UAE,Asia,High income,2010,57043.1,2.87,4.17,4.8,80.4,5.91,8.65,43.93,11.68,100.0,39856048.0
UAE,Asia,High income,2011,45231.09,0.46,5.9,2.15,81.2,5.2,10.05,17.83,13.26,80.42,150877048.0
UAE,Asia,High income,2012,65926.56,3.63,1.86,6.7,78.3,6.95,9.02,24.04,9.4,100.0,529952692.0
UAE,Asia,High income,2013,49878.37,1.15,2.49,3.67,81.0,5.6,7.22,27.02,9.32,97.78,79747468.0
UAE,Asia,High income,2014,61400.39,2.58,1.03,4.99,82.7,5.31,10.79,40.22,11.84,96.4,892404368.0
UAE,Asia,High income,2015,44683.02,0.26,2.61,3.78,81.5,5.51,11.02,28.92,12.75,99.35,833783015.0
UAE,Asia,High income,2016,57306.28,1.81,4.87,8.27,84.0,4.41,8.62,26.55,10.98,100.0,448362550.0
UAE,Asia,High income,2017,48332.11,0.69,0.5,5.04,81.0,6.54,8.15,34.15,7.66,100.0,725462481.0
UAE,Asia,High income,2018,63284.49,2.17,2.79,4.09,85.2,4.61,10.16,33.56,12.52,100.0,879428635.0
UAE,Asia,High income,2019,50794.71,0.88,2.39,7.4,83.1,5.1,8.1,49.48,7.11,100.0,877710281.0
UAE,Asia,High income,2020,7386.15,-8.43,0.5,9.63,82.3,5.27,11.08,36.37,13.23,96.07,649778801.0
UAE,Asia,High income,2021,150224.56,6.14,3.56,4.65,82.9,5.37,12.32,35.57,7.85,100.0,526461796.0
UAE,Asia,High income,2022,76332.46,2.64,5.4,7.96,81.7,4.93,8.29,37.18,9.68,100.0,724422402.0
UAE,Asia,High income,2023,137913.18,5.2,0.53,6.92,80.6,5.7,7.11,37.32,11.86,100.0,942950911.0
Thailand,Asia,Upper middle income,2000,7800.0,6.15,6.5,6.54,70.8,5.47,3.95,14.63,6.33,47.04,575872626.0
Thailand,Asia,Upper middle income,2001,7926.74,1.62,3.46,4.51,71.6,4.27,5.65,19.91,4.03,57.74,871754513.0
Thailand,Asia,Upper middle income,2002,8038.58,1.52,3.11,8.33,73.5,4.58,4.81,39.07,4.03,67.55,1270911860.0
Thailand,Asia,Upper middle income,2003,8749.45,3.9,6.98,8.1,73.6,3.44,4.31,32.69,5.25,47.72,806321563.0
Thailand,Asia,Upper middle income,2004,9775.82,5.81,6.22,9.01,73.6,4.03,4.54,24.19,0.1,63.11,704756971.0
Thailand,Asia,Upper middle income,2005,8945.66,2.78,5.82,10.18,73.6,3.04,5.2,23.81,2.83,66.08,1347292111.0
Thailand,Asia,Upper middle income,2006,8795.85,2.02,6.07,4.27,74.3,4.52,5.74,25.02,5.83,80.04,185892684.0
Thailand,Asia,Upper middle income,2007,9781.87,3.29,10.0,11.06,72.7,3.17,5.88,21.3,5.78,58.89,142081285.0
Thailand,Asia,Upper middle income,2008,7961.73,0.26,10.56,5.67,74.6,2.73,6.0,31.72,5.77,57.06,598844827.0
Thailand,Asia,Upper middle income,2009,9847.59,2.62,8.99,5.32,72.5,4.27,7.04,25.27,5.05,75.88,1330415773.0
Thailand,Asia,Upper middle income,2010,6503.91,-1.8,7.57,6.95,75.9,2.9,1.0,27.79,5.58,53.09,688953270.0
Thailand,Asia,Upper middle income,2011,9241.67,1.55,2.99,7.84,73.5,5.45,3.9,21.9,3.23,66.29,645211572.0
Thailand,Asia,Upper middle income,2012,14356.53,5.22,2.1,2.9,75.3,4.51,4.91,11.05,3.58,70.37,1063448448.0
Thailand,Asia,Upper middle income,2013,7810.42,0.01,7.32,5.14,73.8,3.66,3.99,36.55,2.22,77.5,1038922550.0
Thailand,Asia,Upper middle income,2014,14973.28,4.77,5.5,9.64,72.4,4.63,4.58,23.42,4.63,67.54,274774268.0
Thailand,Asia,Upper middle income,2015,13976.12,3.96,7.36,6.6,70.8,4.33,6.51,37.82,4.24,78.95,159547631.0
Thailand,Asia,Upper middle income,2016,18286.64,5.47,7.24,3.18,74.6,3.53,3.86,38.51,3.69,70.94,25731598.0
Thailand,Asia,Upper middle income,2017,15670.51,4.19,5.6,5.24,74.9,4.59,4.77,39.04,3.38,77.63,1226368265.0
Thailand,Asia,Upper middle income,2018,12370.75,2.6,6.96,1.75,79.8,4.53,5.22,36.82,9.69,90.71,190910700.0
Thailand,Asia,Upper middle income,2019,25224.14,6.37,5.45,7.54,72.8,3.17,2.95,17.89,0.1,80.43,1381204002.0
Thailand,Asia,Upper middle income,2020,8393.49,0.37,4.96,16.15,77.7,2.76,5.35,18.92,2.97,71.6,163306252.0
Thailand,Asia,Upper middle income,2021,48393.56,9.08,7.17,8.23,73.7,3.59,5.67,17.01,7.41,92.59,1312504901.0
Thailand,Asia,Upper middle income,2022,11722.57,1.87,10.95,8.26,74.4,3.23,7.41,27.27,6.27,79.78,563463449.0
Thailand,Asia,Upper middle income,2023,9698.78,0.95,5.99,5.69,74.9,3.03,6.81,18.39,4.14,93.28,513488387.0
Vietnam,Asia,Lower middle income,2000,2800.0,2.42,7.25,11.29,66.9,2.5,1.27,27.68,0.1,19.82,810200223.0
Vietnam,Asia,Lower middle income,2001,3065.32,9.48,8.23,11.71,64.3,1.87,3.63,35.02,3.28,30.16,1251615294.0
Vietnam,Asia,Lower middle income,2002,3418.33,10.49,8.61,11.17,68.1,3.45,2.25,20.51,1.98,15.09,472799125.0
Vietnam,Asia,Lower middle income,2003,3247.86,5.07,7.9,9.51,69.7,3.89,4.45,29.71,0.77,26.75,1192226272.0
Vietnam,Asia,Lower middle income,2004,3469.95,5.51,10.46,11.97,62.8,3.59,2.69,25.83,0.1,48.48,358304880.0
Vietnam,Asia,Lower middle income,2005,4233.61,8.62,10.05,9.19,66.7,2.54,5.29,28.65,0.1,39.2,796553425.0
Vietnam,Asia,Lower middle income,2006,3733.63,4.91,10.12,9.9,66.9,2.68,1.46,23.77,2.12,27.44,1014518794.0
Vietnam,Asia,Lower middle income,2007,3885.8,4.79,10.07,8.62,64.6,1.0,2.17,38.09,0.1,25.98,514593051.0
Vietnam,Asia,Lower middle income,2008,5844.73,9.64,10.23,10.78,61.8,1.8,4.33,27.87,1.21,42.65,906984216.0
Vietnam,Asia,Lower middle income,2009,5790.13,8.41,10.17,9.33,72.4,3.63,2.0,22.75,0.1,14.45,74267351.0
Vietnam,Asia,Lower middle income,2010,5843.35,7.63,14.23,11.62,64.8,2.58,2.32,7.04,0.84,47.33,911534957.0
Vietnam,Asia,Lower middle income,2011,3362.19,1.68,7.38,12.46,66.3,2.67,3.09,27.85,0.39,41.72,797137682.0
Vietnam,Asia,Lower middle income,2012,2538.34,-0.81,12.08,10.31,67.6,2.94,1.9,23.14,0.1,65.77,499800301.0
Vietnam,Asia,Lower middle income,2013,3529.25,1.8,8.03,7.48,67.9,3.99,3.76,23.11,1.96,53.51,742308249.0
Vietnam,Asia,Lower middle income,2014,13778.78,12.06,6.63,13.25,67.9,3.5,1.0,23.3,0.1,54.28,1386904511.0
Vietnam,Asia,Lower middle income,2015,9803.81,8.71,7.97,6.4,65.9,1.09,3.64,33.32,1.06,50.36,1222768884.0
Vietnam,Asia,Lower middle income,2016,3754.5,1.85,5.76,11.42,67.4,2.86,2.36,21.95,3.59,45.65,540080726.0
Vietnam,Asia,Lower middle income,2017,3592.47,1.48,8.29,10.45,68.2,3.0,1.96,24.46,0.63,34.24,220085222.0
Vietnam,Asia,Lower middle income,2018,10000.8,7.33,4.89,10.4,67.9,3.04,4.56,28.34,4.46,42.06,177029652.0
Vietnam,Asia,Lower middle income,2019,8332.72,5.91,4.53,10.44,68.0,2.58,3.74,25.41,0.1,53.23,772587311.0
Vietnam,Asia,Lower middle income,2020,1247.37,-3.96,6.59,10.22,71.4,2.88,2.48,33.89,0.1,47.33,1307679171.0
Vietnam,Asia,Lower middle income,2021,19581.58,9.7,9.41,12.38,69.1,4.06,3.05,33.06,1.65,46.25,178058523.0
Vietnam,Asia,Lower middle income,2022,6717.75,4.06,17.08,9.92,65.5,2.87,3.78,41.73,0.32,42.18,575437546.0
Vietnam,Asia,Lower middle income,2023,16267.7,7.95,7.35,8.13,67.1,3.61,2.92,16.7,2.68,66.17,1281236779.0
Bangladesh,Asia,Lower middle income,2000,2200.0,6.81,9.69,10.79,65.9,1.42,3.08,29.8,2.96,18.08,1109659405.0
Bangladesh,Asia,Lower middle income,2001,2277.5,3.52,7.15,12.12,65.5,4.2,4.2,13.23,1.3,36.4,849958876.0
Bangladesh,Asia,Lower middle income,2002,2521.34,7.05,6.94,8.26,65.3,3.14,7.38,23.16,0.1,30.73,820123242.0
Bangladesh,Asia,Lower middle income,2003,2152.57,-0.72,6.24,12.81,63.5,2.45,1.28,27.56,4.24,19.51,784382318.0
Bangladesh,Asia,Lower middle income,2004,2343.78,1.6,4.29,9.75,65.6,3.22,2.33,22.99,2.24,41.4,1234451703.0
Bangladesh,Asia,Lower middle income,2005,2160.13,-0.37,8.51,8.76,64.1,1.0,2.66,39.39,0.1,17.28,1196232119.0
Bangladesh,Asia,Lower middle income,2006,2620.91,2.96,9.85,9.34,64.9,3.15,4.16,48.82,3.15,45.6,732839106.0
Bangladesh,Asia,Lower middle income,2007,2891.56,3.98,9.45,10.12,67.6,2.61,1.84,33.11,0.1,41.92,520093653.0
Bangladesh,Asia,Lower middle income,2008,5017.0,10.85,10.03,9.55,64.3,5.94,1.39,20.71,2.33,43.0,778441204.0
Bangladesh,Asia,Lower middle income,2009,3836.49,6.37,8.53,13.33,67.1,2.13,6.32,28.92,2.85,35.81,822524131.0
Bangladesh,Asia,Lower middle income,2010,3650.34,5.19,6.32,11.5,67.8,3.97,2.98,19.0,0.1,48.19,124738187.0
Bangladesh,Asia,Lower middle income,2011,4523.13,6.77,7.2,11.63,65.6,2.32,1.0,19.97,0.1,37.49,414999383.0
Bangladesh,Asia,Lower middle income,2012,2369.09,0.62,12.05,12.51,65.2,3.27,3.63,36.91,0.1,53.92,345264372.0
Bangladesh,Asia,Lower middle income,2013,3597.9,3.86,8.72,11.94,67.7,1.39,6.17,28.75,2.53,40.73,433461303.0
Bangladesh,Asia,Lower middle income,2014,2560.05,1.09,5.47,8.45,67.3,2.36,3.99,35.27,2.7,62.19,926773507.0
Bangladesh,Asia,Lower middle income,2015,5858.51,6.75,10.24,8.95,68.4,1.28,1.97,38.93,0.73,28.82,1145239910.0
Bangladesh,Asia,Lower middle income,2016,5372.39,5.74,9.52,11.39,68.0,2.79,2.53,33.58,2.61,46.43,125531193.0
Bangladesh,Asia,Lower middle income,2017,9151.06,8.75,5.0,9.31,69.5,2.25,5.86,10.64,0.98,43.94,126036436.0
Bangladesh,Asia,Lower middle income,2018,2617.43,0.97,7.56,9.61,68.8,3.22,1.2,35.84,1.92,53.98,951000794.0
Bangladesh,Asia,Lower middle income,2019,6054.31,5.47,4.78,8.61,64.2,3.54,4.84,23.17,0.1,43.74,224069370.0
Bangladesh,Asia,Lower middle income,2020,2183.51,-0.04,6.4,12.31,69.5,1.95,3.64,7.98,0.38,51.71,1384997283.0
Bangladesh,Asia,Lower middle income,2021,37957.31,14.52,7.68,9.03,69.4,1.0,4.7,15.87,2.32,60.05,770988148.0
Bangladesh,Asia,Lower middle income,2022,5084.38,3.88,13.79,6.74,66.5,1.19,2.59,24.54,1.73,58.62,80410160.0
Bangladesh,Asia,Lower middle income,2023,4075.95,2.72,7.53,9.34,63.6,1.71,3.96,33.04,0.1,51.35,443398063.0
Pakistan,Asia,Lower middle income,2000,1500.0,2.21,7.86,10.86,66.5,5.57,1.0,31.09,0.39,19.14,946692201.0
Pakistan,Asia,Lower middle income,2001,1554.61,3.64,9.37,9.7,65.2,2.12,2.4,14.7,0.1,30.27,1355247030.0
Pakistan,Asia,Lower middle income,2002,1545.58,1.51,3.64,8.6,65.6,3.1,3.22,10.89,3.11,30.4,101133451.0
Pakistan,Asia,Lower middle income,2003,1873.82,7.7,8.12,8.38,63.7,1.43,3.46,12.46,1.51,35.42,116538957.0
Pakistan,Asia,Lower middle income,2004,1555.07,0.91,10.3,9.59,67.8,2.47,2.21,17.36,3.25,23.91,450700073.0
Pakistan,Asia,Lower middle income,2005,2146.82,7.43,9.37,9.89,63.8,2.6,1.0,32.78,1.16,8.44,1254782631.0
Pakistan,Asia,Lower middle income,2006,1810.61,3.19,4.45,8.63,64.7,3.11,2.48,31.88,0.27,33.43,582790903.0
Pakistan,Asia,Lower middle income,2007,2751.22,9.05,6.6,8.09,65.2,1.87,3.32,32.67,2.86,34.12,68325693.0
Pakistan,Asia,Lower middle income,2008,2475.02,6.46,7.19,9.12,66.4,4.7,1.34,34.76,4.3,30.71,598243869.0
Pakistan,Asia,Lower middle income,2009,1901.02,2.67,6.04,9.46,66.3,4.59,4.44,19.17,2.28,46.76,66226709.0
Pakistan,Asia,Lower middle income,2010,3907.03,10.05,8.76,9.25,65.5,2.83,5.46,23.17,1.46,35.18,757301501.0
Pakistan,Asia,Lower middle income,2011,3792.06,8.8,10.37,12.07,66.7,3.6,3.79,23.83,0.1,51.17,177486711.0
Pakistan,Asia,Lower middle income,2012,2476.57,4.27,10.04,9.24,71.0,3.43,1.09,23.71,0.2,21.06,1048266709.0
Pakistan,Asia,Lower middle income,2013,5364.04,10.3,9.02,11.24,68.4,3.06,3.44,27.89,0.24,26.92,659252973.0
Pakistan,Asia,Lower middle income,2014,2898.9,4.82,7.72,10.27,68.6,3.64,3.39,36.96,0.1,51.05,491224447.0
Pakistan,Asia,Lower middle income,2015,4364.34,7.38,9.23,5.49,65.9,2.22,2.07,33.62,1.54,33.6,1211970228.0
Pakistan,Asia,Lower middle income,2016,3255.53,4.96,7.78,12.58,65.9,4.32,3.32,23.4,6.5,38.44,933559043.0
Pakistan,Asia,Lower middle income,2017,3138.72,4.44,9.29,6.74,64.9,5.14,2.23,32.3,4.9,27.36,929242797.0
Pakistan,Asia,Lower middle income,2018,3051.44,4.02,10.66,8.05,68.5,2.83,3.96,24.36,0.1,52.76,1301853740.0
Pakistan,Asia,Lower middle income,2019,7250.99,8.65,4.32,3.76,68.3,2.74,3.6,22.48,5.54,55.81,1090032974.0
Pakistan,Asia,Lower middle income,2020,2372.72,2.32,6.0,12.99,66.9,2.66,2.44,15.2,0.1,48.32,705416620.0
Pakistan,Asia,Lower middle income,2021,11271.44,10.08,8.59,7.45,69.8,5.04,1.74,37.17,0.74,71.56,678116205.0
Pakistan,Asia,Lower middle income,2022,10106.37,9.06,15.08,8.89,67.8,2.25,3.57,36.25,0.1,62.09,13327187.0
Pakistan,Asia,Lower middle income,2023,4285.49,4.67,5.11,11.37,69.4,2.67,5.43,18.82,1.16,67.19,268192681.0
Ethiopia,Africa,Low income,2000,900.0,8.2,8.08,11.32,68.5,4.04,3.14,19.89,0.1,23.32,454647056.0
Ethiopia,Africa,Low income,2001,940.7,4.52,7.83,10.35,69.1,2.54,2.92,12.5,2.72,30.48,876949855.0
Ethiopia,Africa,Low income,2002,956.06,3.07,8.73,8.52,67.0,3.15,3.45,17.17,2.91,48.85,1078078079.0
Ethiopia,Africa,Low income,2003,968.53,2.48,7.36,11.09,65.6,4.32,1.0,21.03,4.7,35.13,575600600.0
Ethiopia,Africa,Low income,2004,1310.2,9.84,9.88,9.65,65.8,2.87,4.69,16.24,0.1,41.1,529997441.0
Ethiopia,Africa,Low income,2005,1168.86,5.37,7.22,10.48,66.2,2.99,1.94,31.59,0.1,32.59,573680518.0
Ethiopia,Africa,Low income,2006,1395.32,7.58,9.43,6.54,68.6,5.5,3.07,18.59,7.15,20.81,1137919700.0
Ethiopia,Africa,Low income,2007,1314.46,5.56,5.83,10.25,65.8,3.51,3.08,13.79,0.35,28.12,569587819.0
Ethiopia,Africa,Low income,2008,1828.54,9.27,9.0,7.46,65.9,3.07,1.0,28.32,0.1,54.11,1312817609.0
Ethiopia,Africa,Low income,2009,1404.82,5.07,8.91,9.25,67.6,2.69,2.76,24.75,0.32,37.75,761657151.0
Ethiopia,Africa,Low income,2010,1393.72,4.47,3.83,11.95,67.1,2.23,5.85,25.87,0.1,48.57,228482265.0
Ethiopia,Africa,Low income,2011,1835.65,6.69,8.72,10.64,66.2,3.38,2.57,31.42,0.25,42.23,61911583.0
Ethiopia,Africa,Low income,2012,1474.26,4.2,11.44,8.47,65.6,2.55,1.18,5.0,1.04,44.36,898390764.0
Ethiopia,Africa,Low income,2013,1770.47,5.34,7.89,9.23,66.2,3.72,3.32,21.66,4.09,64.0,75480395.0
Ethiopia,Africa,Low income,2014,2177.7,6.52,6.01,10.04,64.2,1.23,3.55,21.16,1.9,45.82,225418332.0
Ethiopia,Africa,Low income,2015,1317.04,2.57,3.46,9.58,65.4,3.34,1.0,19.88,3.43,40.74,44183378.0
Ethiopia,Africa,Low income,2016,2148.3,5.59,9.03,8.04,64.6,3.11,2.52,31.26,1.34,51.05,675557514.0
Ethiopia,Africa,Low income,2017,1001.38,0.63,7.22,10.37,66.4,2.38,1.82,31.01,0.1,54.14,1206344118.0
Ethiopia,Africa,Low income,2018,2394.82,5.59,9.4,7.53,66.3,3.46,6.15,23.62,2.68,50.93,717850414.0
Ethiopia,Africa,Low income,2019,6912.46,11.33,7.34,6.6,71.6,2.74,2.74,29.43,1.49,47.56,762473634.0
Ethiopia,Africa,Low income,2020,1635.11,3.03,6.7,13.59,67.5,2.59,5.73,36.77,1.77,31.96,690799866.0
Ethiopia,Africa,Low income,2021,4912.3,8.42,5.42,10.66,68.7,3.67,1.83,27.6,0.1,59.1,110637396.0
Ethiopia,Africa,Low income,2022,602.72,-1.81,13.37,8.37,68.7,1.75,2.6,25.34,2.04,46.85,133087111.0
Ethiopia,Africa,Low income,2023,6658.3,9.09,11.72,8.11,64.9,3.29,3.47,31.66,2.85,77.21,566625074.0
Kenya,Africa,Lower middle income,2000,1900.0,1.82,6.82,10.72,62.6,1.51,1.0,32.21,0.41,54.27,427012897.0
Kenya,Africa,Lower middle income,2001,1947.82,2.52,6.22,11.26,63.3,4.57,1.65,5.0,0.1,23.89,433829718.0
Kenya,Africa,Lower middle income,2002,2266.94,9.23,10.46,9.33,61.7,2.43,2.1,18.43,0.1,21.47,895148405.0
Kenya,Africa,Lower middle income,2003,2158.29,4.34,5.28,12.46,66.4,4.77,4.18,12.32,1.69,19.34,612288773.0
Kenya,Africa,Lower middle income,2004,2538.99,7.52,5.0,7.04,68.9,2.26,1.75,5.0,0.8,28.72,523135705.0
Kenya,Africa,Lower middle income,2005,2746.33,7.65,10.2,9.24,68.1,4.57,4.53,19.67,0.1,35.63,696285609.0
Kenya,Africa,Lower middle income,2006,2552.6,5.04,10.12,8.21,65.1,2.82,1.0,41.71,0.1,39.06,839188886.0
Kenya,Africa,Lower middle income,2007,2716.54,5.24,7.76,10.19,62.7,1.96,4.63,27.09,0.7,40.36,936420180.0
Kenya,Africa,Lower middle income,2008,3857.83,9.26,10.32,11.29,66.4,1.25,1.71,31.72,1.83,48.81,399699457.0
Kenya,Africa,Lower middle income,2009,2875.02,4.71,11.49,8.64,66.0,2.46,7.34,27.78,0.1,51.72,857951740.0
Kenya,Africa,Lower middle income,2010,4595.36,9.23,12.46,7.36,68.0,3.0,1.0,29.93,3.17,33.99,566812911.0
Kenya,Africa,Lower middle income,2011,4901.7,9.0,5.53,9.15,66.9,2.35,4.05,19.72,2.01,42.68,572793666.0
Kenya,Africa,Lower middle income,2012,3099.69,4.16,12.11,8.37,71.0,3.03,1.0,38.68,1.75,51.51,159185240.0
Kenya,Africa,Lower middle income,2013,5945.35,9.17,8.01,13.62,66.7,2.62,1.25,26.4,2.09,32.48,1000285393.0
Kenya,Africa,Lower middle income,2014,4421.99,6.22,8.97,8.0,70.3,4.99,3.59,40.9,0.36,38.03,269226743.0
Kenya,Africa,Lower middle income,2015,4316.35,5.62,9.0,11.51,69.1,1.78,3.46,12.63,0.93,53.9,938520439.0
Kenya,Africa,Lower middle income,2016,5529.01,6.9,5.66,7.77,66.1,2.06,2.18,22.86,3.17,45.79,449090365.0
Kenya,Africa,Lower middle income,2017,2154.84,0.74,10.2,9.62,65.2,3.23,3.21,44.57,3.08,53.56,616888182.0
Kenya,Africa,Lower middle income,2018,5656.57,6.25,8.8,14.98,67.1,2.68,3.17,35.72,0.1,32.34,613898902.0
Kenya,Africa,Lower middle income,2019,3816.15,3.74,6.55,8.98,68.2,4.96,2.08,14.76,0.1,55.03,206860486.0
Kenya,Africa,Lower middle income,2020,4131.78,3.96,9.63,14.91,70.4,5.2,2.47,26.1,0.67,55.02,500839903.0
Kenya,Africa,Lower middle income,2021,30313.9,14.1,9.72,7.31,69.7,3.39,4.78,18.08,3.49,58.1,739173046.0
Kenya,Africa,Lower middle income,2022,30369.26,13.43,13.2,10.1,69.7,2.63,6.58,26.8,0.95,49.64,429081824.0
Kenya,Africa,Lower middle income,2023,13196.31,8.79,7.32,11.07,69.8,3.14,1.75,42.37,0.1,72.52,388523154.0
Ghana,Africa,Lower middle income,2000,2300.0,1.49,10.67,13.1,65.6,4.22,3.2,24.05,0.83,21.9,101790762.0
Ghana,Africa,Lower middle income,2001,2319.7,0.86,7.73,11.54,65.2,3.3,3.6,27.45,2.91,25.28,759569991.0
Ghana,Africa,Lower middle income,2002,2396.2,2.07,8.17,10.47,63.9,2.41,3.35,13.67,2.2,19.05,649015717.0
Ghana,Africa,Lower middle income,2003,2953.11,8.69,5.65,10.71,63.7,4.06,1.57,29.53,0.1,33.35,595786417.0
Ghana,Africa,Lower middle income,2004,3125.31,7.97,6.33,11.1,64.9,2.89,3.22,17.38,1.92,46.3,923362834.0
Ghana,Africa,Lower middle income,2005,2687.85,3.17,5.12,11.65,64.1,2.75,3.05,43.17,0.1,40.85,454551301.0
Ghana,Africa,Lower middle income,2006,3808.69,8.77,6.86,10.09,67.8,2.52,2.93,24.83,2.87,39.91,34635195.0
Ghana,Africa,Lower middle income,2007,3201.89,4.84,10.66,14.42,65.3,1.57,4.94,33.65,0.52,29.34,369231087.0
Ghana,Africa,Lower middle income,2008,4155.35,7.67,10.9,9.68,64.4,3.09,1.0,26.43,3.24,24.49,576887270.0
Ghana,Africa,Lower middle income,2009,2082.53,-1.1,9.27,13.42,67.8,1.08,1.0,21.04,5.98,29.11,968763539.0
Ghana,Africa,Lower middle income,2010,5148.95,8.39,7.39,6.54,70.4,2.94,1.88,29.17,3.83,39.77,166287156.0
Ghana,Africa,Lower middle income,2011,6139.19,9.34,9.96,11.34,66.6,1.11,1.0,9.17,0.48,37.73,275765637.0
Ghana,Africa,Lower middle income,2012,3616.31,3.84,5.81,14.58,70.5,1.84,5.37,21.01,1.76,42.37,769696410.0
Ghana,Africa,Lower middle income,2013,3606.49,3.52,6.99,11.12,63.7,2.07,1.37,21.9,4.34,44.67,618426848.0
Ghana,Africa,Lower middle income,2014,7783.18,9.1,7.94,9.83,70.9,3.52,2.51,10.74,2.29,54.29,62281714.0
Ghana,Africa,Lower middle income,2015,3912.38,3.61,7.09,12.57,69.3,2.98,4.53,5.0,3.08,36.31,170210218.0
Ghana,Africa,Lower middle income,2016,4907.4,4.85,6.12,12.67,69.3,2.4,3.75,30.37,2.78,32.06,367880792.0
Ghana,Africa,Lower middle income,2017,9233.83,8.52,8.05,7.89,63.9,4.09,1.0,20.98,3.02,53.17,229906407.0
Ghana,Africa,Lower middle income,2018,3580.72,2.49,7.34,12.83,69.2,2.84,3.46,19.0,1.78,52.73,937253017.0
Ghana,Africa,Lower middle income,2019,10660.18,8.41,7.44,10.53,66.3,2.61,6.59,17.33,1.34,48.94,1253192491.0
Ghana,Africa,Lower middle income,2020,1496.0,-2.13,8.11,13.23,68.4,3.92,4.53,19.06,0.27,44.6,614421040.0
Ghana,Africa,Lower middle income,2021,23034.86,11.6,9.34,11.33,71.0,2.77,3.68,34.88,0.1,47.44,441120197.0
Ghana,Africa,Lower middle income,2022,6006.2,4.46,10.83,9.56,65.4,3.96,4.69,5.53,3.46,49.89,971067017.0
Ghana,Africa,Lower middle income,2023,13709.83,8.07,12.15,8.43,69.8,1.91,2.77,40.46,0.1,81.54,1251780871.0
Tanzania,Africa,Low income,2000,1100.0,9.2,7.98,9.22,67.6,2.51,1.0,19.83,2.74,38.92,495191726.0
Tanzania,Africa,Low income,2001,1164.17,5.83,5.43,11.43,65.5,2.76,2.58,20.09,0.7,35.8,1362276967.0
Tanzania,Africa,Low income,2002,1160.71,2.72,7.77,9.71,65.0,3.03,3.11,20.68,4.05,16.31,673166916.0
Tanzania,Africa,Low income,2003,1213.84,3.34,12.18,11.64,65.4,2.66,2.1,5.36,0.1,48.51,581078167.0
Tanzania,Africa,Low income,2004,1507.38,8.2,10.25,8.97,67.0,4.39,5.68,22.54,0.1,22.79,299714794.0
Tanzania,Africa,Low income,2005,1352.51,4.22,8.63,8.64,66.5,3.14,6.15,11.15,1.56,36.81,1267497899.0
Tanzania,Africa,Low income,2006,2133.5,11.67,5.12,8.97,65.6,3.44,4.9,24.76,0.1,42.43,699715968.0
Tanzania,Africa,Low income,2007,1856.66,7.76,6.06,13.46,68.0,2.08,2.0,19.75,0.1,38.1,880652750.0
Tanzania,Africa,Low income,2008,1819.17,6.49,8.37,9.27,67.2,3.52,5.01,24.18,2.11,32.62,555048162.0
Tanzania,Africa,Low income,2009,1571.88,4.05,10.09,11.07,65.0,2.64,4.45,38.57,2.49,37.12,31572837.0
Tanzania,Africa,Low income,2010,2158.68,6.97,7.54,7.73,64.9,4.3,3.21,19.49,2.52,31.86,563511402.0
Tanzania,Africa,Low income,2011,3139.22,10.0,7.57,7.97,62.0,2.64,2.26,23.5,0.24,59.79,273113927.0
Tanzania,Africa,Low income,2012,2481.86,7.02,9.06,6.2,66.5,1.62,4.35,32.84,0.1,35.34,337774263.0
Tanzania,Africa,Low income,2013,1858.36,4.12,8.07,11.47,68.8,2.67,1.0,14.6,0.46,32.05,443699756.0
Tanzania,Africa,Low income,2014,1442.3,1.95,9.99,8.6,67.3,2.62,1.1,23.32,2.7,33.92,178283490.0
Tanzania,Africa,Low income,2015,3454.34,7.93,7.69,9.31,66.6,2.66,1.0,34.93,7.22,50.48,439058088.0
Tanzania,Africa,Low income,2016,4124.85,8.61,6.18,9.51,68.0,3.69,1.0,16.14,0.83,56.03,284589486.0
Tanzania,Africa,Low income,2017,8778.46,13.0,10.81,9.54,65.8,3.19,5.73,29.31,2.58,62.73,214145101.0
Tanzania,Africa,Low income,2018,4770.2,8.49,10.36,9.87,67.0,4.23,1.18,29.39,0.1,62.65,352914675.0
Tanzania,Africa,Low income,2019,2644.95,4.73,8.1,10.42,69.0,2.3,4.96,9.2,0.1,66.42,151593446.0
Tanzania,Africa,Low income,2020,1614.24,1.94,6.59,16.38,68.3,1.0,3.51,21.52,1.35,51.31,823119669.0
Tanzania,Africa,Low income,2021,11709.74,11.92,7.61,12.33,69.2,3.01,2.33,27.02,2.65,49.89,1178094944.0
Tanzania,Africa,Low income,2022,9174.11,10.12,14.51,8.63,69.9,2.05,4.04,19.83,0.1,60.8,667717049.0
Tanzania,Africa,Low income,2023,611.04,-2.52,4.89,13.13,69.9,2.59,3.92,29.25,0.1,59.35,974861900.0
Sweden,Europe,High income,2000,52000.0,1.7,0.5,4.78,81.2,6.19,11.1,26.97,12.69,78.07,1317381620.0
Sweden,Europe,High income,2001,54521.4,4.85,0.5,2.82,80.3,6.02,7.06,32.2,11.01,81.15,1054304177.0
Sweden,Europe,High income,2002,58490.51,6.06,2.06,5.32,81.6,4.89,7.49,32.54,6.41,80.12,327138079.0
Sweden,Europe,High income,2003,56229.84,2.64,5.1,1.0,78.8,7.04,9.78,42.67,5.93,72.08,1041090205.0
Sweden,Europe,High income,2004,49724.37,-1.11,5.66,3.99,78.4,3.73,11.61,17.11,10.12,95.13,361486340.0
Sweden,Europe,High income,2005,60162.63,2.96,3.89,4.98,81.7,3.8,9.31,22.1,11.84,94.37,985894053.0
Sweden,Europe,High income,2006,51977.78,-0.01,7.39,6.53,79.9,6.59,12.55,15.61,9.55,65.22,628155077.0
Sweden,Europe,High income,2007,62009.37,2.55,0.82,4.72,83.1,5.91,9.35,18.65,8.35,83.03,16630657.0
Sweden,Europe,High income,2008,58540.28,1.49,3.48,3.48,79.4,5.88,7.03,26.03,9.92,81.01,378446823.0
Sweden,Europe,High income,2009,59109.22,1.43,6.19,2.73,77.9,5.18,9.93,48.1,11.32,100.0,161457806.0
Sweden,Europe,High income,2010,58697.15,1.22,6.63,2.46,83.6,5.39,9.45,38.33,8.74,100.0,413256125.0
Sweden,Europe,High income,2011,38595.94,-2.67,2.11,1.54,80.9,5.41,8.25,32.47,12.63,100.0,1338731533.0
Sweden,Europe,High income,2012,82154.72,3.88,4.55,5.06,79.0,4.85,8.18,26.85,10.54,100.0,260571962.0
Sweden,Europe,High income,2013,68199.25,2.11,0.5,5.42,79.5,3.72,7.33,20.34,11.55,100.0,403463765.0
Sweden,Europe,High income,2014,80134.68,3.14,0.84,6.99,83.4,4.37,7.76,41.91,9.71,78.8,219889745.0
Sweden,Europe,High income,2015,49563.42,-0.32,5.43,1.0,81.2,5.11,10.03,40.7,11.46,100.0,25735798.0
Sweden,Europe,High income,2016,109792.88,4.78,3.57,1.07,82.3,6.55,8.88,47.45,11.72,100.0,557577750.0
Sweden,Europe,High income,2017,103896.24,4.16,5.82,5.13,78.8,3.94,9.38,22.98,6.57,89.71,951532795.0
Sweden,Europe,High income,2018,80607.15,2.47,1.64,6.23,82.7,6.31,9.5,59.35,7.94,89.89,550742023.0
Sweden,Europe,High income,2019,68903.82,1.49,0.5,3.41,83.2,5.08,9.31,25.05,9.03,98.25,86629476.0
Sweden,Europe,High income,2020,27187.77,-3.19,1.47,7.47,82.7,3.56,5.42,33.46,10.98,100.0,1186373398.0
Sweden,Europe,High income,2021,194546.63,6.48,3.0,4.98,82.6,5.91,11.57,54.73,10.58,89.97,917708788.0
Sweden,Europe,High income,2022,157658.82,5.17,5.74,4.94,82.4,3.28,7.25,19.03,11.64,100.0,585675174.0
Sweden,Europe,High income,2023,97772.97,2.78,2.5,4.26,82.5,4.16,6.71,37.14,9.16,100.0,961614631.0
Norway,Europe,High income,2000,75000.0,0.22,4.37,4.82,78.1,6.39,8.09,28.0,12.8,95.39,1158107829.0
Norway,Europe,High income,2001,78772.74,5.03,0.5,3.9,79.7,3.8,5.89,12.39,10.52,76.65,299624495.0
Norway,Europe,High income,2002,77303.21,1.52,0.5,5.88,76.4,4.66,5.84,15.76,10.36,63.35,50339204.0
Norway,Europe,High income,2003,73956.24,-0.47,8.96,4.78,83.0,6.0,8.17,22.79,9.99,73.24,300239666.0
Norway,Europe,High income,2004,80829.22,1.89,2.13,5.88,78.1,4.35,9.16,33.86,7.65,95.28,442257251.0
Norway,Europe,High income,2005,71371.58,-0.99,2.84,4.76,79.1,4.2,7.13,38.37,10.02,84.42,848260405.0
Norway,Europe,High income,2006,86295.47,2.37,3.95,10.06,77.9,4.38,7.87,30.32,6.55,89.22,95381056.0
Norway,Europe,High income,2007,107292.49,5.25,4.7,6.24,82.0,4.25,10.42,28.21,10.18,100.0,968262011.0
Norway,Europe,High income,2008,89117.65,2.18,7.06,7.19,78.6,4.97,7.02,34.09,11.33,78.5,498677763.0
Norway,Europe,High income,2009,59062.93,-2.62,3.33,3.89,78.6,6.35,5.7,21.17,9.91,95.6,112435485.0
Norway,Europe,High income,2010,96236.36,2.52,1.37,2.05,84.1,4.87,8.85,40.11,17.06,82.56,352376498.0
Norway,Europe,High income,2011,103925.02,3.01,2.18,6.08,78.5,4.86,8.4,29.93,10.55,100.0,1258145180.0
Norway,Europe,High income,2012,106439.56,2.96,2.07,4.27,81.4,4.34,8.46,21.4,8.22,76.9,1326852059.0
Norway,Europe,High income,2013,134758.27,4.61,4.47,3.55,79.1,5.09,8.35,38.06,11.59,100.0,660722955.0
Norway,Europe,High income,2014,155611.26,5.35,2.94,5.51,79.8,5.93,7.92,9.68,7.36,100.0,177600163.0
Norway,Europe,High income,2015,76867.24,0.16,6.18,4.72,81.0,3.8,8.57,41.5,9.5,99.32,563031718.0
Norway,Europe,High income,2016,94096.99,1.43,4.93,7.6,83.3,3.71,10.62,11.61,11.8,100.0,910590615.0
Norway,Europe,High income,2017,133819.29,3.46,0.96,1.79,79.9,4.25,11.4,23.53,11.38,100.0,59111611.0
Norway,Europe,High income,2018,253513.23,7.0,3.19,7.23,82.2,6.0,8.49,31.95,11.07,100.0,1288199282.0
Norway,Europe,High income,2019,110498.97,2.06,2.04,4.94,81.5,7.45,8.56,26.18,10.24,100.0,871030256.0
Norway,Europe,High income,2020,46408.29,-2.37,3.05,8.64,84.0,7.06,6.07,16.85,12.62,100.0,523306017.0
Norway,Europe,High income,2021,208567.35,4.99,3.82,2.24,81.2,5.44,10.49,24.22,12.23,100.0,977514635.0
Norway,Europe,High income,2022,94673.64,1.06,6.4,6.54,81.2,5.49,9.6,37.85,6.44,100.0,1092840263.0
Norway,Europe,High income,2023,112519.69,1.78,4.19,7.84,85.4,6.84,10.31,50.85,10.88,100.0,302287848.0
Denmark,Europe,High income,2000,60000.0,2.14,1.29,7.58,79.1,7.55,6.56,24.43,10.07,91.37,220922017.0
Denmark,Europe,High income,2001,61751.43,2.92,6.24,8.27,79.0,5.75,8.08,24.93,12.09,97.52,901151196.0
Denmark,Europe,High income,2002,59248.1,-0.63,1.14,1.0,77.7,6.27,8.38,34.61,6.96,90.98,7951205.0
Denmark,Europe,High income,2003,62187.5,1.2,0.5,6.54,81.7,4.13,9.49,40.57,9.1,91.24,727542846.0
Denmark,Europe,High income,2004,64218.91,1.71,2.95,8.91,81.0,7.04,9.9,22.89,10.23,88.36,385333379.0
Denmark,Europe,High income,2005,61544.22,0.51,2.74,3.42,75.9,6.11,10.31,43.42,12.35,79.78,908348712.0
Denmark,Europe,High income,2006,74361.38,3.64,7.12,6.12,79.6,5.84,10.87,22.21,8.7,85.91,414843681.0
Denmark,Europe,High income,2007,53638.91,-1.59,0.5,5.11,83.6,5.7,12.0,20.18,7.44,80.23,809732586.0
Denmark,Europe,High income,2008,103704.99,7.08,4.87,3.25,77.4,5.28,8.81,31.03,9.4,98.33,679246702.0
Denmark,Europe,High income,2009,47784.13,-2.5,5.35,1.14,82.5,3.49,6.2,20.83,8.19,100.0,1166667390.0
Denmark,Europe,High income,2010,101095.94,5.36,2.27,3.32,81.9,5.06,7.74,25.22,9.91,100.0,1334397895.0
Denmark,Europe,High income,2011,52064.55,-1.28,5.67,5.14,79.5,5.56,10.09,12.27,8.57,89.56,282041567.0
Denmark,Europe,High income,2012,69642.06,1.25,5.71,1.0,81.6,5.53,6.48,33.1,10.95,100.0,518313441.0
Denmark,Europe,High income,2013,42752.91,-2.57,4.66,6.4,82.5,6.43,8.09,18.99,5.93,95.87,1057038810.0
Denmark,Europe,High income,2014,65805.73,0.66,2.19,5.54,81.0,6.05,6.99,22.58,9.77,100.0,718751356.0
Denmark,Europe,High income,2015,80694.38,2.0,2.22,6.37,83.6,3.61,8.04,40.61,8.6,100.0,408165599.0
Denmark,Europe,High income,2016,92841.58,2.77,2.28,6.46,79.5,5.54,10.03,9.35,14.24,100.0,844129141.0
Denmark,Europe,High income,2017,46847.14,-1.45,7.18,4.15,81.1,6.36,8.86,34.95,13.15,100.0,1330853522.0
Denmark,Europe,High income,2018,114669.36,3.66,1.31,1.51,82.0,5.78,11.23,17.3,12.31,100.0,567172685.0
Denmark,Europe,High income,2019,79915.99,1.52,6.48,5.17,78.3,4.41,6.56,13.4,14.05,100.0,696266765.0
Denmark,Europe,High income,2020,22331.2,-4.82,0.76,7.89,81.9,5.66,9.99,19.61,13.38,100.0,1076953232.0
Denmark,Europe,High income,2021,274427.19,7.51,3.81,4.77,82.8,5.79,8.19,22.25,8.01,100.0,1197643723.0
Denmark,Europe,High income,2022,69390.44,0.66,5.71,6.4,81.0,5.38,9.02,10.83,7.06,100.0,983085015.0
Denmark,Europe,High income,2023,73284.0,0.87,4.94,6.87,83.3,5.9,9.37,25.83,10.17,100.0,799000686.0
Finland,Europe,High income,2000,48000.0,2.05,4.3,3.83,83.9,7.48,9.02,33.87,12.72,78.53,33330901.0
Finland,Europe,High income,2001,48488.68,1.02,3.87,1.0,80.9,7.93,9.72,27.19,9.68,88.58,1246478429.0
Finland,Europe,High income,2002,52704.08,4.79,1.59,2.89,79.2,5.42,10.15,22.25,12.74,100.0,468962090.0
Finland,Europe,High income,2003,51132.31,2.13,5.18,7.15,79.3,7.39,8.97,38.63,7.22,82.2,431063295.0
Finland,Europe,High income,2004,52817.88,2.42,2.16,3.35,77.5,4.78,10.68,23.39,8.97,81.43,635528387.0
Finland,Europe,High income,2005,55134.32,2.81,6.96,5.15,82.0,5.99,8.94,29.06,8.55,83.0,405204966.0
Finland,Europe,High income,2006,56001.97,2.6,0.5,2.76,83.0,4.57,10.87,33.55,6.38,95.35,1010255736.0
Finland,Europe,High income,2007,55092.27,1.99,4.4,7.94,79.3,6.72,9.1,14.73,13.57,100.0,791320771.0
Finland,Europe,High income,2008,59103.52,2.64,5.6,4.93,76.7,5.52,10.82,24.0,10.82,100.0,231045245.0
Finland,Europe,High income,2009,35036.51,-3.44,2.5,3.36,83.0,4.55,10.29,9.37,12.9,80.8,1015682748.0
Finland,Europe,High income,2010,62965.64,2.75,2.54,2.62,84.4,4.74,10.0,40.6,8.89,100.0,617960943.0
Finland,Europe,High income,2011,70643.55,3.58,1.43,8.0,81.8,4.28,11.97,25.56,12.41,97.96,1066558918.0
Finland,Europe,High income,2012,70296.33,3.23,3.79,6.86,81.6,5.19,7.81,27.51,10.63,94.84,1196157203.0
Finland,Europe,High income,2013,68434.27,2.77,3.42,8.94,80.4,6.71,8.07,21.19,16.55,100.0,1127910367.0
Finland,Europe,High income,2014,71491.58,2.89,5.73,3.74,82.2,5.39,8.72,22.28,13.33,97.24,17113950.0
Finland,Europe,High income,2015,79940.64,3.46,4.34,1.57,82.5,3.26,8.59,12.94,11.27,100.0,1398064938.0
Finland,Europe,High income,2016,84627.28,3.61,1.18,4.96,80.9,5.07,8.98,18.66,12.06,86.06,234404474.0
Finland,Europe,High income,2017,81613.56,3.17,0.5,4.01,78.7,5.66,7.16,30.3,12.32,100.0,154996731.0
Finland,Europe,High income,2018,55496.0,0.81,2.88,1.97,83.0,7.26,13.19,30.91,11.58,89.19,1328736905.0
Finland,Europe,High income,2019,119223.72,4.9,1.54,6.88,81.4,6.67,9.6,34.08,11.19,99.3,407254836.0
Finland,Europe,High income,2020,11989.51,-6.7,0.9,6.18,83.5,4.88,6.98,23.94,9.94,98.19,628235298.0
Finland,Europe,High income,2021,112219.79,4.13,0.98,5.72,82.8,5.21,7.97,15.98,10.74,100.0,478725775.0
Finland,Europe,High income,2022,74662.69,2.03,10.46,1.0,82.7,7.42,8.47,27.75,10.59,100.0,157581380.0
Finland,Europe,High income,2023,69752.27,1.64,4.65,1.98,82.5,3.22,8.81,26.27,10.98,100.0,650249181.0
Netherlands,Europe,High income,2000,52000.0,-2.79,2.64,8.45,79.2,6.25,9.15,23.33,5.52,82.05,403852650.0
Netherlands,Europe,High income,2001,52418.03,0.8,3.32,2.56,77.5,5.56,10.39,44.8,9.73,67.85,1008591922.0
Netherlands,Europe,High income,2002,49857.06,-2.08,4.34,6.97,76.1,5.68,9.68,29.27,8.42,93.16,586027481.0
Netherlands,Europe,High income,2003,54333.37,1.47,7.05,3.21,76.9,5.87,7.07,16.97,5.9,80.68,150751885.0
Netherlands,Europe,High income,2004,59206.22,3.3,2.92,6.59,82.3,6.56,9.71,30.12,8.04,93.4,1165974310.0
Netherlands,Europe,High income,2005,67076.13,5.22,3.42,4.07,75.2,6.14,10.73,14.74,9.98,97.42,1154700068.0
Netherlands,Europe,High income,2006,54021.43,0.64,2.57,1.93,77.6,6.47,10.31,33.63,6.56,85.42,498192988.0
Netherlands,Europe,High income,2007,51981.8,-0.0,3.1,7.94,80.8,4.91,6.77,23.52,9.92,66.92,480690165.0
Netherlands,Europe,High income,2008,57154.9,1.19,2.5,7.38,81.5,5.47,11.05,36.63,8.35,81.61,1264819154.0
Netherlands,Europe,High income,2009,50486.62,-0.33,5.84,6.62,80.6,5.73,8.63,16.63,9.65,86.73,1038373426.0
Netherlands,Europe,High income,2010,48808.55,-0.63,0.89,6.99,81.0,5.37,8.24,34.85,8.3,98.06,401010129.0
Netherlands,Europe,High income,2011,57284.4,0.88,2.91,4.32,80.6,5.08,5.95,30.12,9.36,86.96,941331984.0
Netherlands,Europe,High income,2012,69877.21,2.49,5.99,2.37,81.6,4.7,8.24,21.97,8.54,100.0,1322953915.0
Netherlands,Europe,High income,2013,83602.08,3.72,4.06,2.71,81.4,6.8,7.71,21.12,11.42,89.81,1095820862.0
Netherlands,Europe,High income,2014,110529.46,5.53,2.16,2.8,80.4,6.94,6.26,9.32,10.18,96.57,438578984.0
Netherlands,Europe,High income,2015,72219.32,2.21,3.44,7.59,77.7,5.09,7.69,14.89,5.89,90.69,1185247811.0
Netherlands,Europe,High income,2016,112406.06,4.94,0.5,6.52,79.7,6.87,9.21,23.27,11.33,100.0,484877083.0
Netherlands,Europe,High income,2017,91131.38,3.36,0.5,3.64,78.9,5.73,8.37,36.26,9.78,90.04,698642008.0
Netherlands,Europe,High income,2018,61512.44,0.94,1.25,6.07,80.1,5.28,11.31,39.94,11.8,100.0,261037968.0
Netherlands,Europe,High income,2019,94213.91,3.18,2.6,8.31,83.3,6.31,11.41,39.03,7.74,100.0,963303995.0
Netherlands,Europe,High income,2020,15141.27,-5.98,4.99,6.48,81.4,7.08,8.93,22.73,8.24,100.0,1295407866.0
Netherlands,Europe,High income,2021,113809.12,3.8,4.15,2.54,83.2,4.84,7.47,24.95,12.72,100.0,651057300.0
Netherlands,Europe,High income,2022,89472.38,2.5,7.03,8.27,79.4,4.21,6.58,33.73,10.33,100.0,125344579.0
Netherlands,Europe,High income,2023,94649.07,2.64,3.02,2.04,81.8,5.51,9.15,12.69,11.51,100.0,903661200.0
Switzerland,Europe,High income,2000,82000.0,3.48,2.72,3.74,80.2,5.89,7.79,44.19,10.59,87.3,1380941849.0
Switzerland,Europe,High income,2001,85858.48,4.71,1.0,5.17,78.1,6.2,10.2,46.33,5.68,75.19,494530149.0
Switzerland,Europe,High income,2002,89658.52,4.57,4.43,2.95,80.5,6.97,8.95,55.99,6.55,89.94,573378217.0
Switzerland,Europe,High income,2003,93038.71,4.3,4.64,3.18,80.1,5.8,8.04,33.48,12.21,81.54,515037435.0
Switzerland,Europe,High income,2004,90140.13,2.39,8.21,5.39,79.7,5.61,8.04,29.42,12.26,87.14,465237410.0
Switzerland,Europe,High income,2005,85213.49,0.77,3.39,4.62,81.3,5.54,9.91,39.62,8.9,79.15,723813056.0
Switzerland,Europe,High income,2006,85502.41,0.7,1.64,3.41,80.3,5.34,8.17,34.28,13.45,100.0,511949353.0
Switzerland,Europe,High income,2007,75030.05,-1.26,4.44,5.64,79.0,6.0,10.57,20.14,11.95,99.81,140787798.0
Switzerland,Europe,High income,2008,111641.33,3.93,7.33,4.88,79.8,5.69,7.28,28.06,11.49,98.42,136184497.0
Switzerland,Europe,High income,2009,66589.49,-2.29,3.0,9.39,77.0,5.0,9.42,39.86,11.29,100.0,129044547.0
Switzerland,Europe,High income,2010,90837.79,1.03,2.35,9.0,79.9,5.86,9.81,19.99,8.29,82.94,716255251.0
Switzerland,Europe,High income,2011,87627.63,0.61,4.18,1.0,78.6,7.08,7.97,24.88,12.55,88.57,1059508522.0
Switzerland,Europe,High income,2012,83190.49,0.12,4.45,8.05,84.6,8.37,7.65,58.24,9.29,92.08,1049601240.0
Switzerland,Europe,High income,2013,117247.98,2.79,2.82,3.62,80.8,4.14,6.88,43.01,6.78,100.0,1273798185.0
Switzerland,Europe,High income,2014,115863.03,2.5,5.12,2.61,79.1,3.56,8.18,43.3,9.76,87.6,523410325.0
Switzerland,Europe,High income,2015,99910.95,1.33,1.0,3.97,80.2,7.91,10.88,36.87,10.89,100.0,1020782723.0
Switzerland,Europe,High income,2016,109401.46,1.82,4.08,4.32,81.4,5.23,8.31,23.11,10.94,100.0,7972129.0
Switzerland,Europe,High income,2017,167962.45,4.31,3.6,6.48,83.1,5.2,9.79,12.54,9.23,100.0,781608754.0
Switzerland,Europe,High income,2018,146971.2,3.29,5.69,4.65,84.4,5.31,10.27,7.81,14.84,100.0,737713086.0
Switzerland,Europe,High income,2019,112696.86,1.69,0.75,3.29,82.0,5.01,8.18,25.79,12.63,100.0,1053140772.0
Switzerland,Europe,High income,2020,44192.73,-3.04,3.02,5.17,84.0,5.23,6.92,43.52,14.2,100.0,45372892.0
Switzerland,Europe,High income,2021,616910.86,10.09,6.01,6.56,85.1,5.02,7.93,23.03,9.2,100.0,1185893344.0
Switzerland,Europe,High income,2022,113076.2,1.47,9.27,8.19,83.6,4.85,8.23,30.8,10.64,100.0,366049640.0
Switzerland,Europe,High income,2023,180960.42,3.5,0.5,5.27,81.4,4.77,7.63,29.82,8.4,100.0,1056118125.0
Spain,Europe,High income,2000,28000.0,2.78,4.16,7.42,79.0,7.14,10.36,22.93,14.42,83.27,794244742.0
Spain,Europe,High income,2001,28195.1,0.7,2.03,5.11,80.7,5.44,11.47,16.52,11.36,88.18,727232475.0
Spain,Europe,High income,2002,28924.16,1.64,5.06,4.42,80.2,5.39,8.92,26.23,12.69,75.67,1262009218.0
Spain,Europe,High income,2003,28735.11,0.87,3.4,7.47,78.4,7.84,10.13,28.03,9.56,74.42,482714390.0
Spain,Europe,High income,2004,24332.08,-3.45,2.73,2.72,79.7,3.87,9.12,25.85,13.0,100.0,951203673.0
Spain,Europe,High income,2005,33438.16,3.61,0.5,3.77,82.7,4.19,10.8,29.82,9.88,88.19,191158995.0
Spain,Europe,High income,2006,27342.2,-0.4,4.89,6.91,81.5,4.87,7.94,17.07,10.17,78.2,223902092.0
Spain,Europe,High income,2007,28158.46,0.08,4.23,3.75,80.5,5.56,7.83,26.55,11.73,92.0,1097794461.0
Spain,Europe,High income,2008,26887.55,-0.51,6.99,3.24,80.4,6.66,10.39,30.34,9.28,100.0,271637637.0
Spain,Europe,High income,2009,26558.51,-0.59,5.18,1.56,82.1,5.09,11.13,28.76,12.88,97.75,466075845.0
Spain,Europe,High income,2010,31697.17,1.25,4.56,2.08,81.0,3.52,8.6,34.4,8.96,84.5,57162710.0
Spain,Europe,High income,2011,41858.57,3.72,4.32,4.71,80.7,5.33,10.62,30.04,10.5,90.8,952313523.0
Spain,Europe,High income,2012,39846.87,2.98,3.33,1.0,79.4,5.02,6.19,18.43,6.04,97.62,873427273.0
Spain,Europe,High income,2013,44756.29,3.67,2.1,7.13,77.1,4.02,10.0,28.05,9.66,90.13,138570999.0
Spain,Europe,High income,2014,29504.33,0.37,3.68,4.54,81.1,6.64,7.23,34.19,9.97,97.67,64158415.0
Spain,Europe,High income,2015,48944.96,3.79,2.59,5.35,82.2,5.76,9.42,28.19,10.2,100.0,745189532.0
Spain,Europe,High income,2016,25616.51,-0.55,2.76,3.18,82.6,3.88,9.52,23.7,8.53,89.54,688143052.0
Spain,Europe,High income,2017,35245.11,1.36,3.78,6.36,79.9,5.66,7.68,35.12,8.62,100.0,584159695.0
Spain,Europe,High income,2018,55433.77,3.87,2.23,5.36,79.6,5.94,7.86,28.58,11.76,100.0,729627448.0
Spain,Europe,High income,2019,42026.46,2.16,8.36,4.15,80.5,5.82,8.62,42.75,8.38,100.0,887473766.0
Spain,Europe,High income,2020,8754.66,-5.65,5.24,11.2,85.1,6.26,8.62,5.0,10.59,100.0,250168354.0
Spain,Europe,High income,2021,104084.39,6.45,5.72,5.11,83.5,6.15,7.48,38.57,9.37,100.0,1365859154.0
Spain,Europe,High income,2022,47117.7,2.39,9.0,6.29,86.5,7.71,9.12,5.0,12.47,100.0,222814342.0
Spain,Europe,High income,2023,33305.88,0.76,2.05,3.58,85.9,6.92,9.6,25.26,8.63,100.0,404488491.0
Italy,Europe,High income,2000,31000.0,1.29,3.48,7.97,74.9,5.28,7.0,13.48,11.93,85.45,453391452.0
Italy,Europe,High income,2001,31932.78,3.01,2.49,5.5,79.6,4.83,10.34,29.38,7.22,72.58,701278501.0
Italy,Europe,High income,2002,30088.99,-1.48,1.84,7.11,80.9,6.41,7.52,46.16,8.07,85.13,1020598539.0
Italy,Europe,High income,2003,33073.24,2.18,0.5,4.46,79.1,5.46,10.07,63.98,10.91,84.74,1276079878.0
Italy,Europe,High income,2004,32854.56,1.46,0.89,1.24,77.5,5.61,11.14,41.22,10.46,82.77,999623460.0
Italy,Europe,High income,2005,35389.36,2.68,0.5,3.9,79.7,4.85,7.07,22.52,12.07,94.98,343082932.0
Italy,Europe,High income,2006,30157.85,-0.46,5.12,3.94,79.1,4.38,9.57,54.6,11.56,80.36,1114922110.0
Italy,Europe,High income,2007,41468.91,4.24,0.5,1.0,83.7,5.61,8.09,26.36,6.17,96.7,619766593.0
Italy,Europe,High income,2008,36438.2,2.04,9.42,6.61,84.6,6.38,10.54,49.74,10.75,90.13,578161920.0
Italy,Europe,High income,2009,31164.39,0.06,5.92,7.94,80.6,4.91,6.24,22.16,10.26,84.94,670917496.0
Italy,Europe,High income,2010,40211.23,2.64,1.3,6.73,82.0,5.31,10.26,21.75,9.01,74.9,806219168.0
Italy,Europe,High income,2011,30381.27,-0.18,6.04,6.01,78.7,5.52,8.36,38.08,11.58,100.0,607982479.0
Italy,Europe,High income,2012,41546.55,2.47,4.42,7.06,81.6,4.53,6.97,31.49,9.66,98.87,661457210.0
Italy,Europe,High income,2013,40985.17,2.17,5.8,10.07,79.9,5.28,9.11,30.97,10.75,94.6,876372409.0
Italy,Europe,High income,2014,28846.29,-0.51,1.89,5.86,82.6,7.69,10.43,29.43,8.22,95.36,925994895.0
Italy,Europe,High income,2015,36708.25,1.13,2.63,6.6,82.4,4.34,9.56,35.59,10.22,100.0,1052750804.0
Italy,Europe,High income,2016,39370.56,1.51,1.17,5.5,76.5,5.32,8.69,16.36,8.14,100.0,1347227013.0
Italy,Europe,High income,2017,48080.21,2.62,4.99,5.9,78.6,5.63,12.98,41.89,8.34,100.0,515950380.0
Italy,Europe,High income,2018,51975.55,2.91,2.77,8.15,81.0,4.66,10.34,39.25,10.34,100.0,300634292.0
Italy,Europe,High income,2019,46286.01,2.13,3.89,5.36,82.5,5.81,6.05,41.55,9.78,100.0,754577704.0
Italy,Europe,High income,2020,24816.3,-1.11,0.5,6.75,81.9,5.35,10.51,19.42,10.52,100.0,1272487973.0
Italy,Europe,High income,2021,121754.64,6.73,1.72,3.77,83.0,5.82,7.2,34.4,9.59,93.29,1336107159.0
Italy,Europe,High income,2022,68869.05,3.69,5.19,1.44,81.2,4.73,8.88,23.63,11.48,100.0,1337160429.0
Italy,Europe,High income,2023,54346.29,2.47,3.43,4.66,86.0,5.33,7.28,25.31,7.54,100.0,1374871450.0
Poland,Europe,Upper middle income,2000,15000.0,4.47,4.3,8.33,76.4,3.21,5.5,7.44,5.91,46.14,16110845.0
Poland,Europe,Upper middle income,2001,15365.69,2.44,7.56,4.76,72.3,2.43,5.51,31.76,1.76,43.1,638302272.0
Poland,Europe,Upper middle income,2002,16583.51,5.15,3.79,8.98,71.5,4.6,7.1,12.91,3.87,57.24,315037678.0
Poland,Europe,Upper middle income,2003,18813.85,7.84,5.07,6.15,71.0,4.72,1.1,39.3,7.0,61.61,1214912472.0
Poland,Europe,Upper middle income,2004,17011.25,3.2,5.94,10.83,70.0,5.98,6.14,29.17,3.03,66.71,475053115.0
Poland,Europe,Upper middle income,2005,16717.08,2.19,5.8,7.09,76.0,3.27,6.03,18.67,7.39,80.37,495291621.0
Poland,Europe,Upper middle income,2006,26957.82,10.26,5.1,10.79,72.4,2.63,4.54,35.48,3.32,58.0,1342682074.0
Poland,Europe,Upper middle income,2007,21796.81,5.48,7.7,7.01,75.1,4.96,6.72,18.76,7.07,60.29,183412206.0
Poland,Europe,Upper middle income,2008,18653.98,2.76,5.97,3.51,71.1,3.68,5.32,35.1,4.11,58.18,1087059720.0
Poland,Europe,Upper middle income,2009,12965.15,-1.61,11.43,9.28,72.4,4.32,5.78,33.42,6.88,70.37,980578742.0
Poland,Europe,Upper middle income,2010,20549.71,3.2,3.28,5.63,73.5,4.06,7.89,25.81,7.36,65.65,509067775.0
Poland,Europe,Upper middle income,2011,21258.43,3.22,6.09,3.62,73.8,4.47,5.46,32.89,7.33,70.69,660179670.0
Poland,Europe,Upper middle income,2012,21378.88,3.0,7.42,8.86,74.2,1.65,5.03,37.3,6.05,77.46,992365648.0
Poland,Europe,Upper middle income,2013,14414.81,-0.31,6.5,6.42,75.0,4.13,3.87,21.91,3.27,74.64,1357352369.0
Poland,Europe,Upper middle income,2014,11900.98,-1.64,6.86,7.35,72.9,2.38,5.94,22.34,6.11,94.64,140774514.0
Poland,Europe,Upper middle income,2015,12226.76,-1.35,5.64,8.25,73.9,3.27,5.51,50.05,4.37,78.89,398714584.0
Poland,Europe,Upper middle income,2016,23733.85,2.91,8.1,4.86,75.1,3.62,3.86,50.86,5.84,85.13,852457276.0
Poland,Europe,Upper middle income,2017,46224.71,6.84,4.52,2.01,76.8,3.71,3.3,30.76,9.93,79.41,385234218.0
Poland,Europe,Upper middle income,2018,40923.69,5.73,9.17,5.42,76.1,3.72,6.79,35.22,5.42,78.6,292840005.0
Poland,Europe,Upper middle income,2019,48771.14,6.4,5.29,9.93,74.9,3.81,3.09,35.87,2.73,70.75,952381886.0
Poland,Europe,Upper middle income,2020,19319.02,1.27,4.77,13.23,73.5,5.14,5.28,27.52,1.06,62.97,1248091363.0
Poland,Europe,Upper middle income,2021,67811.91,7.45,5.48,6.51,78.8,4.9,4.34,12.61,7.39,94.89,627656115.0
Poland,Europe,Upper middle income,2022,36855.62,4.17,10.25,11.61,72.5,4.8,7.5,21.75,6.72,78.18,53377264.0
Poland,Europe,Upper middle income,2023,25210.84,2.28,8.29,9.55,77.6,4.35,6.64,24.42,6.24,87.45,978270444.0
Russia,Europe,Upper middle income,2000,11000.0,5.06,2.79,4.75,72.2,2.31,6.25,33.72,5.65,43.79,718006957.0
Russia,Europe,Upper middle income,2001,11819.54,7.45,6.45,7.17,73.3,3.64,5.34,30.56,4.68,63.26,1334246138.0
Russia,Europe,Upper middle income,2002,11877.84,3.91,7.81,11.69,69.5,3.9,3.23,40.92,3.82,43.57,1293845055.0
Russia,Europe,Upper middle income,2003,12951.75,5.6,6.78,9.89,73.4,4.22,3.68,39.16,2.19,42.44,233990109.0
Russia,Europe,Upper middle income,2004,14294.81,6.77,7.13,8.29,72.9,4.52,3.8,21.9,5.38,63.78,47247508.0
Russia,Europe,Upper middle income,2005,13906.21,4.8,6.24,2.8,69.3,4.24,4.65,32.27,4.86,60.95,743787637.0
Russia,Europe,Upper middle income,2006,11050.6,0.08,4.73,7.41,72.4,5.48,2.78,17.49,8.04,65.31,630820912.0
Russia,Europe,Upper middle income,2007,16773.0,6.21,6.84,7.27,72.3,1.96,6.71,14.42,6.09,73.21,1385071935.0
Russia,Europe,Upper middle income,2008,16942.72,5.55,7.25,5.69,75.7,3.5,5.44,26.63,7.92,76.71,898447188.0
Russia,Europe,Upper middle income,2009,9833.22,-1.24,11.71,3.45,76.6,4.18,7.4,21.05,3.94,56.35,888102084.0
Russia,Europe,Upper middle income,2010,14987.66,3.14,8.28,9.31,73.2,3.27,6.43,36.84,2.67,57.96,434246908.0
Russia,Europe,Upper middle income,2011,17970.39,4.56,6.6,8.27,72.9,6.03,6.35,21.19,1.82,84.69,582217572.0
Russia,Europe,Upper middle income,2012,15170.08,2.71,7.8,9.51,76.2,3.18,3.27,29.97,6.27,77.0,86821575.0
Russia,Europe,Upper middle income,2013,9608.26,-1.04,5.86,4.07,74.3,4.09,5.54,26.58,9.27,86.12,1367770991.0
Russia,Europe,Upper middle income,2014,17398.37,3.33,6.16,7.97,74.6,4.38,7.01,27.65,3.7,84.84,850869194.0
Russia,Europe,Upper middle income,2015,12004.91,0.58,5.2,6.05,72.4,4.31,6.1,19.87,4.72,56.96,1317625899.0
Russia,Europe,Upper middle income,2016,16677.35,2.64,3.3,9.84,75.6,3.29,6.08,24.3,4.43,83.35,925752256.0
Russia,Europe,Upper middle income,2017,15782.44,2.15,5.16,3.88,73.0,5.85,3.92,24.03,7.83,75.23,1281289284.0
Russia,Europe,Upper middle income,2018,10984.09,-0.01,2.37,7.59,75.0,3.57,2.51,29.71,7.54,84.78,261851425.0
Russia,Europe,Upper middle income,2019,15674.33,1.88,12.3,9.21,74.6,5.05,3.6,17.36,4.85,84.38,596503051.0
Russia,Europe,Upper middle income,2020,14573.12,1.42,4.7,5.69,74.3,4.98,4.42,42.38,5.86,88.39,35313797.0
Russia,Europe,Upper middle income,2021,52016.88,7.68,7.65,6.49,73.3,3.06,6.32,9.56,8.35,81.94,1252927444.0
Russia,Europe,Upper middle income,2022,14794.52,1.36,11.25,6.77,75.7,3.02,5.24,20.76,3.47,95.34,1143535019.0
Russia,Europe,Upper middle income,2023,11400.82,0.16,4.41,8.75,74.0,2.05,6.05,41.46,6.12,70.63,1023124285.0
Ukraine,Europe,Lower middle income,2000,3700.0,2.24,7.75,7.76,66.3,1.65,2.55,14.96,1.75,21.34,151870413.0
Ukraine,Europe,Lower middle income,2001,3923.12,6.03,1.72,11.59,66.1,4.35,1.0,18.45,1.76,32.22,810912002.0
Ukraine,Europe,Lower middle income,2002,4084.22,5.06,8.69,8.02,65.0,2.8,3.28,28.33,2.62,30.38,438062512.0
Ukraine,Europe,Lower middle income,2003,3911.22,1.87,8.57,9.49,62.2,1.45,2.4,13.75,0.83,38.56,1332269186.0
Ukraine,Europe,Lower middle income,2004,4719.0,6.27,7.54,11.33,62.5,2.64,3.44,30.34,4.49,27.09,1061958818.0
Ukraine,Europe,Lower middle income,2005,5942.23,9.94,5.33,8.66,64.6,4.6,4.1,18.63,3.12,31.2,630448920.0
Ukraine,Europe,Lower middle income,2006,4908.68,4.82,11.33,8.64,64.7,4.52,2.33,41.01,3.28,32.45,62631173.0
Ukraine,Europe,Lower middle income,2007,3715.6,0.06,7.74,9.95,67.0,1.98,4.94,30.04,3.17,27.7,963333638.0
Ukraine,Europe,Lower middle income,2008,6355.42,7.0,6.12,9.69,63.9,2.8,4.47,28.05,3.8,40.42,708623669.0
Ukraine,Europe,Lower middle income,2009,3570.53,-0.39,8.11,9.5,64.9,2.86,2.73,16.28,2.44,36.36,526300275.0
Ukraine,Europe,Lower middle income,2010,6667.44,6.07,11.22,7.93,68.3,3.05,4.04,20.63,3.64,42.95,11359628.0
Ukraine,Europe,Lower middle income,2011,5379.92,3.46,5.23,9.78,67.0,3.05,5.0,23.51,0.1,76.94,1302627679.0
Ukraine,Europe,Lower middle income,2012,7572.6,6.15,8.59,10.81,63.1,2.7,1.0,37.78,1.38,41.07,25277371.0
Ukraine,Europe,Lower middle income,2013,10295.67,8.19,7.56,10.49,66.4,3.07,3.26,24.65,1.16,35.56,430356355.0
Ukraine,Europe,Lower middle income,2014,7276.46,4.95,7.77,7.04,69.4,2.9,3.06,29.01,0.1,50.56,82497947.0
Ukraine,Europe,Lower middle income,2015,7057.21,4.4,11.5,8.85,68.1,1.81,1.61,36.32,2.23,59.13,545077652.0
Ukraine,Europe,Lower middle income,2016,21616.45,11.66,11.09,9.33,65.1,1.93,1.0,23.93,4.71,47.58,582277158.0
Ukraine,Europe,Lower middle income,2017,10633.91,6.41,8.47,12.91,66.2,3.07,1.0,18.28,2.18,57.94,477612515.0
Ukraine,Europe,Lower middle income,2018,17888.83,9.15,8.31,7.47,65.2,3.11,2.25,21.59,3.54,59.33,526220405.0
Ukraine,Europe,Lower middle income,2019,21241.93,9.63,8.87,8.51,68.7,3.84,3.18,17.71,0.62,56.41,1173753780.0
Ukraine,Europe,Lower middle income,2020,14436.93,7.04,9.08,15.12,67.4,3.01,4.37,41.13,2.96,54.17,631147483.0
Ukraine,Europe,Lower middle income,2021,54164.63,13.63,8.66,4.56,68.3,3.66,4.25,30.98,3.42,72.56,790955487.0
Ukraine,Europe,Lower middle income,2022,13990.92,6.23,12.55,6.95,67.2,2.81,4.58,18.89,3.09,57.98,140769445.0
Ukraine,Europe,Lower middle income,2023,11286.47,4.97,6.35,11.87,66.8,2.88,4.41,17.88,2.32,49.77,1284437481.0
Romania,Europe,Upper middle income,2000,12000.0,6.49,7.15,6.41,71.1,4.31,5.86,38.98,7.38,49.59,1098325938.0
Romania,Europe,Upper middle income,2001,12449.4,3.74,5.39,10.99,71.6,4.71,6.05,21.13,5.15,70.9,183463268.0
Romania,Europe,Upper middle income,2002,13376.07,5.58,3.7,9.21,71.5,5.26,4.2,14.73,4.08,57.05,1265031246.0
Romania,Europe,Upper middle income,2003,13123.73,3.03,4.53,5.69,71.1,5.07,5.24,13.85,4.5,58.19,70366519.0
Romania,Europe,Upper middle income,2004,13918.28,3.78,9.22,5.12,69.0,4.62,5.52,14.92,1.94,76.37,674638923.0
Romania,Europe,Upper middle income,2005,17255.84,7.54,6.34,6.93,72.2,5.27,3.59,34.26,4.45,55.0,564460434.0
Romania,Europe,Upper middle income,2006,17639.7,6.63,2.31,7.49,74.7,2.55,3.61,37.13,6.07,57.83,804191397.0
Romania,Europe,Upper middle income,2007,19276.47,7.01,7.02,8.8,72.2,3.45,3.95,14.68,6.33,88.32,305968141.0
Romania,Europe,Upper middle income,2008,14933.12,2.77,6.75,3.46,73.2,3.95,5.98,25.69,4.73,78.77,391792322.0
Romania,Europe,Upper middle income,2009,10685.17,-1.28,10.94,7.76,73.1,4.25,4.34,5.0,3.04,68.39,484140432.0
Romania,Europe,Upper middle income,2010,19469.87,4.96,4.02,9.66,70.1,3.19,7.52,20.65,2.37,72.19,354213365.0
Romania,Europe,Upper middle income,2011,16279.49,2.81,4.54,6.27,73.6,5.12,7.64,43.27,2.44,67.77,1043313282.0
Romania,Europe,Upper middle income,2012,14633.62,1.67,7.35,6.51,69.9,5.79,4.35,39.96,7.56,62.99,451605470.0
Romania,Europe,Upper middle income,2013,27486.73,6.58,2.38,5.83,74.1,2.99,5.65,31.52,4.05,61.1,711297946.0
Romania,Europe,Upper middle income,2014,23984.71,5.07,6.78,7.04,75.9,3.33,5.5,9.33,5.81,95.53,360151820.0
Romania,Europe,Upper middle income,2015,15031.32,1.51,5.43,6.15,72.8,3.61,6.7,26.44,2.64,87.8,786481816.0
Romania,Europe,Upper middle income,2016,32808.52,6.49,7.87,8.66,75.1,4.22,6.55,44.24,3.09,89.78,315444038.0
Romania,Europe,Upper middle income,2017,22564.76,3.78,3.79,6.86,72.2,3.62,2.97,10.42,5.68,74.7,72917799.0
Romania,Europe,Upper middle income,2018,19997.05,2.88,5.19,7.19,71.5,2.55,5.54,17.03,7.15,84.25,611173496.0
Romania,Europe,Upper middle income,2019,33288.95,5.52,7.15,8.04,72.9,2.73,4.91,19.26,6.23,90.29,1287383115.0
Romania,Europe,Upper middle income,2020,7478.74,-2.34,6.16,12.79,75.9,4.03,4.76,28.31,6.5,91.09,1233107634.0
Romania,Europe,Upper middle income,2021,51374.53,7.17,6.76,10.09,75.3,2.96,6.77,19.23,5.59,88.36,21254812.0
Romania,Europe,Upper middle income,2022,23054.13,3.01,10.62,9.85,78.1,3.97,5.21,36.11,2.0,84.77,889062472.0
Romania,Europe,Upper middle income,2023,61178.37,7.34,5.94,9.33,74.3,3.51,4.56,20.55,6.06,71.7,557441210.0
Chile,Americas,High income,2000,13000.0,1.48,3.31,5.0,76.9,4.24,7.49,22.77,10.73,72.04,982572592.0
Chile,Americas,High income,2001,13694.68,5.34,4.55,6.42,73.9,4.67,7.07,34.48,10.68,85.08,323701033.0
Chile,Americas,High income,2002,13922.54,3.49,2.21,1.83,78.9,6.12,11.71,18.02,9.15,79.11,131257898.0
Chile,Americas,High income,2003,14895.06,4.64,1.21,4.93,78.7,4.99,8.24,39.96,10.74,67.41,1010733498.0
Chile,Americas,High income,2004,14290.28,2.39,2.5,5.58,80.2,5.79,9.17,38.69,10.05,76.22,767594031.0
Chile,Americas,High income,2005,13729.3,1.1,5.07,4.74,79.2,5.06,8.45,32.3,8.02,71.81,871820018.0
Chile,Americas,High income,2006,14993.3,2.41,2.78,6.65,79.7,3.74,8.62,20.28,10.16,100.0,386322413.0
Chile,Americas,High income,2007,12176.12,-0.93,4.04,3.77,80.8,5.33,10.66,16.88,9.75,88.43,1083264245.0
Chile,Americas,High income,2008,17259.87,3.61,5.1,7.09,79.8,5.88,8.94,29.04,10.52,97.37,102218901.0
Chile,Americas,High income,2009,8961.49,-4.05,4.29,5.74,80.0,4.81,10.66,32.4,9.89,97.7,85095469.0
Chile,Americas,High income,2010,17373.19,2.94,6.15,1.28,79.5,3.37,9.05,32.72,13.18,96.21,333948247.0
Chile,Americas,High income,2011,20181.29,4.08,3.38,7.3,81.7,4.26,10.5,25.86,13.44,92.95,134202923.0
Chile,Americas,High income,2012,17641.46,2.58,2.91,4.13,81.6,4.57,7.19,42.43,11.45,98.66,1135243343.0
Chile,Americas,High income,2013,25118.91,5.2,0.95,4.66,82.1,5.58,9.55,43.65,11.16,100.0,599965741.0
Chile,Americas,High income,2014,15954.03,1.47,4.66,1.0,79.1,6.48,8.63,32.08,7.31,100.0,72883375.0
Chile,Americas,High income,2015,24597.46,4.34,4.74,2.12,85.2,6.68,6.43,33.71,8.87,98.53,1188774689.0
Chile,Americas,High income,2016,13125.17,0.06,3.88,5.35,81.1,6.31,10.85,14.74,8.81,100.0,1062625262.0
Chile,Americas,High income,2017,16350.65,1.36,1.75,1.55,81.5,5.48,7.56,39.18,9.9,97.41,1122986552.0
Chile,Americas,High income,2018,23765.09,3.41,4.49,3.74,77.6,5.86,9.11,35.56,9.55,100.0,858939904.0
Chile,Americas,High income,2019,38050.51,5.82,1.12,3.11,84.3,4.79,7.72,32.31,10.62,100.0,1345217380.0
Chile,Americas,High income,2020,3335.42,-6.58,4.03,12.31,81.2,5.12,8.16,25.11,4.51,100.0,834795217.0
Chile,Americas,High income,2021,33955.3,4.68,2.63,3.57,81.4,4.45,10.18,51.38,8.61,99.58,859836662.0
Chile,Americas,High income,2022,24559.72,2.93,8.16,1.0,83.9,6.38,8.53,42.52,12.27,100.0,678946895.0
Chile,Americas,High income,2023,17847.4,1.39,2.38,3.9,82.7,6.47,7.91,28.53,12.0,100.0,859854028.0
Colombia,Americas,Upper middle income,2000,6200.0,-3.0,6.87,4.15,73.0,4.13,5.95,20.01,1.25,50.5,410323454.0
Colombia,Americas,Upper middle income,2001,6511.06,5.02,3.66,9.27,71.4,4.3,2.26,35.02,6.18,43.05,712848556.0
Colombia,Americas,Upper middle income,2002,6430.51,1.84,10.08,11.01,72.1,3.7,3.96,24.32,2.19,57.24,469999516.0
Colombia,Americas,Upper middle income,2003,7754.42,7.74,6.2,5.35,73.9,2.54,4.79,10.26,4.41,66.58,1388857844.0
Colombia,Americas,Upper middle income,2004,8068.93,6.81,7.35,7.39,75.6,4.42,6.96,31.07,1.32,74.05,1374427241.0
Colombia,Americas,Upper middle income,2005,7666.6,4.34,8.9,6.02,73.1,3.73,4.39,23.87,7.57,46.61,167390610.0
Colombia,Americas,Upper middle income,2006,8059.08,4.47,6.78,4.95,69.7,4.63,7.23,14.74,8.18,66.84,299885057.0
Colombia,Americas,Upper middle income,2007,8149.09,3.98,2.66,5.68,74.6,4.76,4.3,22.69,4.94,63.31,574767463.0
Colombia,Americas,Upper middle income,2008,8455.58,3.95,8.59,7.97,72.6,6.53,4.66,22.69,3.41,68.24,482630346.0
Colombia,Americas,Upper middle income,2009,8477.49,3.54,9.49,7.46,73.4,2.22,6.16,39.86,2.77,81.95,439774183.0
Colombia,Americas,Upper middle income,2010,7112.63,1.38,7.36,4.43,72.8,4.45,4.9,27.59,2.87,75.95,1097292333.0
Colombia,Americas,Upper middle income,2011,8106.15,2.47,6.91,4.54,73.4,4.35,7.19,25.02,5.85,62.18,453346857.0
Colombia,Americas,Upper middle income,2012,14238.58,7.17,3.51,9.72,73.5,4.42,4.26,34.23,5.81,64.86,752200487.0
Colombia,Americas,Upper middle income,2013,7135.6,1.09,7.19,5.9,72.9,4.4,7.28,23.0,7.36,60.09,70773263.0
Colombia,Americas,Upper middle income,2014,7440.06,1.31,6.67,6.08,76.2,4.77,4.26,23.73,3.9,61.81,1276500188.0
Colombia,Americas,Upper middle income,2015,8169.89,1.86,6.46,10.63,73.7,4.63,5.04,52.63,0.1,70.32,288278451.0
Colombia,Americas,Upper middle income,2016,10334.27,3.24,9.17,7.8,74.7,4.84,5.55,20.42,7.14,67.9,749968473.0
Colombia,Americas,Upper middle income,2017,13775.44,4.81,7.52,5.32,69.6,4.78,4.6,28.57,7.85,84.21,513650715.0
Colombia,Americas,Upper middle income,2018,12283.06,3.87,6.75,6.77,72.3,4.93,5.75,48.06,2.97,90.23,1380367736.0
Colombia,Americas,Upper middle income,2019,7106.96,0.72,2.82,7.8,74.8,4.61,3.48,19.65,6.33,78.4,860366808.0
Colombia,Americas,Upper middle income,2020,5799.66,-0.33,6.41,10.23,75.0,2.91,6.66,27.95,5.79,76.93,317250010.0
Colombia,Americas,Upper middle income,2021,24935.79,6.85,1.03,4.92,73.5,3.46,3.92,34.83,3.45,79.49,191804757.0
Colombia,Americas,Upper middle income,2022,44872.29,9.41,12.11,9.05,77.6,3.0,3.17,13.93,7.67,82.53,381281779.0
Colombia,Americas,Upper middle income,2023,7569.68,0.87,5.2,8.01,75.6,3.85,4.28,11.92,6.18,95.19,290315212.0
Peru,Americas,Upper middle income,2000,6100.0,1.86,5.23,8.11,76.1,4.61,5.71,30.31,2.85,56.16,931734007.0
Peru,Americas,Upper middle income,2001,6339.46,3.93,5.19,8.64,75.1,4.08,3.23,5.0,4.92,59.0,845898905.0
Peru,Americas,Upper middle income,2002,6250.53,1.23,9.43,7.09,71.8,2.8,5.67,30.44,2.81,56.6,209629947.0
Peru,Americas,Upper middle income,2003,6696.98,3.16,9.62,8.79,70.5,4.86,5.94,23.96,3.58,51.28,141693879.0
Peru,Americas,Upper middle income,2004,8308.88,8.03,7.89,8.87,73.3,2.88,4.94,34.7,2.48,67.37,956308704.0
Peru,Americas,Upper middle income,2005,9738.02,9.81,7.72,7.62,75.6,4.43,6.21,13.65,4.54,70.64,1090856310.0
Peru,Americas,Upper middle income,2006,7512.53,3.53,6.19,4.94,73.4,2.28,6.57,25.47,3.96,55.66,1122787589.0
Peru,Americas,Upper middle income,2007,7715.64,3.41,6.33,7.53,72.0,4.59,3.75,18.25,6.26,69.07,894359383.0
Peru,Americas,Upper middle income,2008,6523.52,0.84,4.18,5.87,76.8,6.02,7.75,23.07,1.44,43.57,1149035199.0
Peru,Americas,Upper middle income,2009,6360.03,0.46,12.39,4.93,72.7,4.54,5.71,22.45,3.7,70.81,189962345.0
Peru,Americas,Upper middle income,2010,9917.07,4.98,3.93,8.3,74.4,2.93,3.82,31.88,4.53,85.89,686421871.0
Peru,Americas,Upper middle income,2011,10712.75,5.25,9.55,7.62,75.1,3.1,4.46,37.72,3.84,86.37,949851706.0
Peru,Americas,Upper middle income,2012,7265.97,1.47,2.48,6.11,72.8,4.53,5.37,13.07,4.21,69.29,407265136.0
Peru,Americas,Upper middle income,2013,5760.18,-0.44,7.55,5.25,74.0,3.78,4.0,33.38,8.28,84.54,917207063.0
Peru,Americas,Upper middle income,2014,5302.45,-1.0,4.59,7.99,75.4,3.32,4.54,19.03,5.22,87.97,412440259.0
Peru,Americas,Upper middle income,2015,8297.64,2.07,7.56,8.68,75.9,3.08,4.09,39.59,5.22,62.8,1289995924.0
Peru,Americas,Upper middle income,2016,7519.04,1.32,6.92,5.57,78.0,5.54,5.91,38.61,5.13,86.65,211534546.0
Peru,Americas,Upper middle income,2017,21508.3,7.69,5.93,4.74,76.3,3.18,3.95,29.33,4.71,82.19,1116264006.0
Peru,Americas,Upper middle income,2018,5144.43,-0.94,5.01,6.39,74.1,4.62,7.98,26.24,4.57,79.41,784597971.0
Peru,Americas,Upper middle income,2019,13601.88,4.31,6.55,8.13,75.4,5.23,3.48,18.03,7.19,68.77,242132822.0
Peru,Americas,Upper middle income,2020,5455.86,-0.56,2.64,10.96,72.1,4.14,5.36,33.86,8.56,71.35,1252647282.0
Peru,Americas,Upper middle income,2021,29932.56,7.87,5.31,6.57,73.7,4.55,4.56,24.21,4.59,84.22,76646974.0
Peru,Americas,Upper middle income,2022,24226.93,6.47,10.92,8.84,74.7,3.34,3.38,28.59,2.92,100.0,1066464030.0
Peru,Americas,Upper middle income,2023,7212.26,0.73,10.3,8.54,75.1,4.37,7.04,16.2,2.65,93.56,526918160.0
Venezuela,Americas,Upper middle income,2000,3200.0,-2.15,4.04,6.77,75.2,4.67,5.46,21.0,3.83,69.06,51238726.0
Venezuela,Americas,Upper middle income,2001,3344.06,4.5,5.94,7.67,69.4,3.07,5.73,19.54,4.79,61.91,1333412762.0
Venezuela,Americas,Upper middle income,2002,3448.34,3.81,8.63,5.61,76.0,3.33,5.13,22.19,5.25,62.45,332289664.0
Venezuela,Americas,Upper middle income,2003,3713.36,5.08,5.57,2.95,69.3,4.72,2.54,32.49,5.25,57.8,1346023122.0
Venezuela,Americas,Upper middle income,2004,3916.66,5.18,0.56,7.33,70.3,4.32,3.45,16.45,4.45,50.48,522940334.0
Venezuela,Americas,Upper middle income,2005,3675.8,2.81,2.61,5.6,74.0,4.23,3.12,20.94,6.38,58.02,800509793.0
Venezuela,Americas,Upper middle income,2006,3412.37,1.08,5.7,3.54,72.1,4.03,3.72,20.43,2.18,64.77,468234303.0
Venezuela,Americas,Upper middle income,2007,5018.44,6.64,7.21,5.83,71.9,6.26,4.01,13.78,5.05,71.25,561278644.0
Venezuela,Americas,Upper middle income,2008,5835.08,7.8,8.23,4.94,72.2,5.77,6.36,31.4,5.71,60.39,1341708843.0
Venezuela,Americas,Upper middle income,2009,3658.38,1.5,12.0,4.89,74.5,5.99,5.98,17.46,5.48,82.2,684241344.0
Venezuela,Americas,Upper middle income,2010,3467.92,0.81,3.83,7.47,77.7,3.16,4.6,35.77,4.96,66.65,55041823.0
Venezuela,Americas,Upper middle income,2011,5715.25,5.41,8.91,10.76,74.7,4.6,5.2,34.69,0.11,71.46,858494698.0
Venezuela,Americas,Upper middle income,2012,5138.13,4.03,4.62,6.38,74.6,4.67,4.83,5.87,3.07,81.96,884971886.0
Venezuela,Americas,Upper middle income,2013,2197.07,-2.85,5.56,9.78,74.2,5.33,6.87,12.25,5.92,91.75,79732655.0
Venezuela,Americas,Upper middle income,2014,4626.32,2.67,4.36,8.91,71.7,3.11,3.34,10.1,5.29,87.62,862373530.0
Venezuela,Americas,Upper middle income,2015,5390.57,3.54,4.72,3.64,73.6,4.76,4.37,10.02,6.53,91.65,333050894.0
Venezuela,Americas,Upper middle income,2016,8126.27,6.0,6.01,5.88,76.4,4.53,3.85,25.49,2.3,85.86,1322853461.0
Venezuela,Americas,Upper middle income,2017,5597.95,3.34,5.97,6.61,72.9,4.03,4.61,16.29,5.32,84.14,1214732603.0
Venezuela,Americas,Upper middle income,2018,5384.82,2.93,5.75,6.7,75.7,3.63,4.41,44.69,6.88,74.39,1342630418.0
Venezuela,Americas,Upper middle income,2019,8735.0,5.43,8.0,7.8,70.2,5.09,5.09,28.53,6.08,100.0,5413436.0
Venezuela,Americas,Upper middle income,2020,2381.26,-1.47,4.5,8.0,72.2,3.12,4.74,26.03,4.46,61.44,888398698.0
Venezuela,Americas,Upper middle income,2021,34162.79,11.94,5.46,9.47,76.0,4.13,4.61,36.78,2.85,91.31,784950798.0
Venezuela,Americas,Upper middle income,2022,7642.89,4.04,10.77,6.69,76.7,4.1,4.22,19.33,6.62,81.46,272459732.0
Venezuela,Americas,Upper middle income,2023,13011.73,6.29,5.87,7.43,78.7,5.49,6.25,26.21,3.15,100.0,1207401348.0
Morocco,Africa,Lower middle income,2000,3300.0,6.05,5.37,10.28,66.0,3.52,4.6,17.25,0.43,43.96,318454159.0
Morocco,Africa,Lower middle income,2001,3466.62,5.05,5.48,9.19,63.0,2.54,2.77,20.94,0.1,24.64,422344164.0
Morocco,Africa,Lower middle income,2002,3803.09,7.35,6.65,11.78,68.1,3.78,2.68,26.41,0.1,26.66,814716875.0
Morocco,Africa,Lower middle income,2003,3597.47,2.92,3.89,10.54,66.6,3.05,3.89,13.69,0.1,30.74,31774330.0
Morocco,Africa,Lower middle income,2004,4203.38,6.24,5.51,8.11,66.9,1.98,3.81,11.31,5.03,23.26,157625725.0
Morocco,Africa,Lower middle income,2005,4177.55,4.83,8.17,10.09,68.8,3.78,1.81,33.73,0.1,25.32,87713656.0
Morocco,Africa,Lower middle income,2006,4418.42,4.98,7.71,14.7,67.8,2.08,3.15,21.65,1.23,21.71,786504730.0
Morocco,Africa,Lower middle income,2007,4420.4,4.26,8.64,13.82,62.0,1.83,2.33,30.42,3.28,43.6,587170410.0
Morocco,Africa,Lower middle income,2008,4759.74,4.68,6.26,9.87,66.0,4.2,3.02,20.78,3.59,38.21,782374681.0
Morocco,Africa,Lower middle income,2009,3690.34,1.25,5.68,10.23,72.2,3.48,3.03,38.13,1.94,45.59,1176550565.0
Morocco,Africa,Lower middle income,2010,5658.43,5.54,7.97,8.09,67.5,2.96,2.25,36.06,0.1,35.78,597949471.0
Morocco,Africa,Lower middle income,2011,8163.96,8.58,7.72,11.85,65.7,1.56,2.12,28.26,3.98,38.93,35016832.0
Morocco,Africa,Lower middle income,2012,7399.15,6.96,8.39,11.55,64.7,2.66,2.66,29.56,0.1,52.16,470841704.0
Morocco,Africa,Lower middle income,2013,10188.88,9.06,8.59,7.59,70.5,2.87,1.0,17.94,0.1,37.68,372412053.0
Morocco,Africa,Lower middle income,2014,6274.12,4.7,6.58,8.36,69.4,4.22,4.42,30.24,1.69,41.03,241846350.0
Morocco,Africa,Lower middle income,2015,4878.62,2.64,11.14,11.5,68.1,1.06,1.93,42.39,2.32,52.86,90999429.0
Morocco,Africa,Lower middle income,2016,4179.06,1.49,9.22,11.14,67.5,2.76,4.44,15.14,0.1,38.92,769210374.0
Morocco,Africa,Lower middle income,2017,8543.26,5.75,6.28,12.6,67.6,2.1,3.28,10.3,2.26,61.57,887486893.0
Morocco,Africa,Lower middle income,2018,12825.05,7.83,8.15,10.05,69.2,2.61,1.0,29.92,0.1,42.38,277108070.0
Morocco,Africa,Lower middle income,2019,9127.74,5.5,10.01,9.89,71.5,3.67,4.24,6.32,5.47,46.94,71280505.0
Morocco,Africa,Lower middle income,2020,1406.02,-4.18,7.88,13.46,67.8,2.44,1.58,36.31,1.56,70.41,1198995550.0
Morocco,Africa,Lower middle income,2021,16356.91,7.92,6.21,6.83,70.2,2.55,2.88,23.02,2.84,74.93,611086958.0
Morocco,Africa,Lower middle income,2022,4402.21,1.32,12.37,10.14,62.7,2.73,3.67,28.54,3.31,54.13,360747017.0
Morocco,Africa,Lower middle income,2023,17934.04,7.64,4.93,7.47,65.5,1.96,1.36,28.94,2.21,63.43,667338249.0
Algeria,Africa,Lower middle income,2000,3900.0,4.18,9.22,10.08,64.7,5.3,1.0,37.89,2.81,20.2,624628396.0
Algeria,Africa,Lower middle income,2001,4305.13,10.39,9.78,6.83,66.1,1.85,1.29,17.82,1.89,13.61,673753534.0
Algeria,Africa,Lower middle income,2002,4221.36,4.04,3.56,8.32,62.8,3.83,3.48,28.99,0.76,25.21,52526816.0
Algeria,Africa,Lower middle income,2003,4436.15,4.39,6.39,9.85,66.6,2.53,4.15,28.93,0.33,40.77,1084270753.0
Algeria,Africa,Lower middle income,2004,4378.04,2.93,5.63,10.37,61.9,3.46,2.84,36.35,0.16,28.97,529751454.0
Algeria,Africa,Lower middle income,2005,5964.01,8.87,8.67,10.4,64.2,3.74,2.62,33.86,3.92,35.28,264158477.0
Algeria,Africa,Lower middle income,2006,5810.86,6.87,10.71,12.4,65.3,4.3,1.93,34.31,5.12,46.15,329310514.0
Algeria,Africa,Lower middle income,2007,5793.78,5.82,5.64,9.61,63.1,3.57,2.47,5.0,0.13,53.43,1210773916.0
Algeria,Africa,Lower middle income,2008,4993.15,3.14,10.45,13.93,66.9,2.64,1.0,22.81,1.97,33.12,997292324.0
Algeria,Africa,Lower middle income,2009,3405.21,-1.5,11.31,9.62,65.9,2.24,1.54,32.4,0.1,43.13,78844409.0
Algeria,Africa,Lower middle income,2010,9854.7,9.71,8.49,11.9,63.1,3.68,2.99,33.52,3.33,40.66,654054540.0
Algeria,Africa,Lower middle income,2011,5814.55,3.7,7.75,10.45,65.4,1.43,2.21,21.34,1.87,52.71,1205977125.0
Algeria,Africa,Lower middle income,2012,6179.99,3.91,9.61,8.34,67.0,2.82,4.17,9.23,0.1,26.62,525105756.0
Algeria,Africa,Lower middle income,2013,7104.2,4.72,8.98,10.88,66.3,1.1,2.64,28.29,3.12,62.03,774340577.0
Algeria,Africa,Lower middle income,2014,10140.35,7.06,3.83,8.88,68.3,2.58,4.91,30.88,0.1,46.32,89894160.0
Algeria,Africa,Lower middle income,2015,5917.44,2.82,10.36,6.65,63.0,4.25,1.0,21.2,2.72,46.91,1190708858.0
Algeria,Africa,Lower middle income,2016,9380.57,5.64,9.5,12.99,67.8,2.81,1.0,25.26,1.64,55.39,413880117.0
Algeria,Africa,Lower middle income,2017,6856.39,3.37,6.46,8.48,69.1,2.86,2.82,35.33,4.13,29.22,341213890.0
Algeria,Africa,Lower middle income,2018,7826.62,3.95,6.92,8.03,61.2,4.51,1.5,20.88,0.1,61.72,456835668.0
Algeria,Africa,Lower middle income,2019,11653.26,5.93,7.93,7.77,66.9,3.3,2.54,24.52,1.46,48.26,417827119.0
Algeria,Africa,Lower middle income,2020,6361.31,2.48,10.2,8.5,65.7,2.42,2.99,23.55,1.26,59.08,926186453.0
Algeria,Africa,Lower middle income,2021,15495.92,6.79,8.91,11.26,72.5,2.04,3.2,44.7,5.86,52.84,780685631.0
Algeria,Africa,Lower middle income,2022,27104.85,9.21,15.16,11.76,71.0,4.99,3.32,9.28,0.89,61.9,506388929.0
Algeria,Africa,Lower middle income,2023,14032.0,5.72,5.45,9.09,69.7,1.57,2.55,44.45,1.19,69.84,399229618.0
Malaysia,Asia,Upper middle income,2000,11000.0,3.35,5.01,7.11,72.9,4.85,4.58,5.96,4.03,55.44,1105319039.0
Malaysia,Asia,Upper middle income,2001,11776.27,7.06,6.58,4.48,72.1,5.45,5.64,14.19,3.05,49.09,181226397.0
Malaysia,Asia,Upper middle income,2002,11952.58,4.24,6.4,6.99,75.7,3.01,4.9,9.26,5.74,46.85,1099571702.0
Malaysia,Asia,Upper middle income,2003,12126.82,3.3,5.63,6.54,73.0,2.57,4.0,35.35,4.85,51.0,1047480283.0
Malaysia,Asia,Upper middle income,2004,12036.53,2.28,4.63,5.9,71.4,2.72,3.31,16.71,6.18,57.19,919722818.0
Malaysia,Asia,Upper middle income,2005,13053.25,3.48,4.58,7.54,75.1,4.9,3.59,16.62,3.62,56.53,804870589.0
Malaysia,Asia,Upper middle income,2006,16038.97,6.49,4.93,6.7,70.2,3.99,4.51,24.5,7.94,65.78,1062389869.0
Malaysia,Asia,Upper middle income,2007,12647.13,2.01,6.58,4.36,74.2,4.66,5.4,27.14,4.72,71.99,796492359.0
Malaysia,Asia,Upper middle income,2008,17097.88,5.67,9.97,4.32,71.4,3.15,3.91,20.18,5.49,75.66,351500383.0
Malaysia,Asia,Upper middle income,2009,16635.5,4.7,9.41,4.29,74.3,4.34,6.26,26.67,7.85,67.23,178522165.0
Malaysia,Asia,Upper middle income,2010,11248.49,0.22,4.62,5.65,72.8,3.07,4.2,9.86,6.1,69.17,913938311.0
Malaysia,Asia,Upper middle income,2011,10685.9,-0.26,5.87,6.85,76.8,2.39,4.91,8.77,0.24,64.16,192064007.0
Malaysia,Asia,Upper middle income,2012,27895.4,8.06,3.28,10.38,73.3,4.04,3.37,17.29,3.99,62.54,978729659.0
Malaysia,Asia,Upper middle income,2013,17155.4,3.48,9.46,2.13,74.4,4.04,4.58,19.71,5.14,85.12,571869350.0
Malaysia,Asia,Upper middle income,2014,13013.06,1.21,3.9,8.38,73.4,4.92,6.82,18.55,6.59,68.45,1095527068.0
Malaysia,Asia,Upper middle income,2015,43403.82,9.58,8.07,4.25,73.8,4.94,5.04,17.46,7.62,65.79,1331470578.0
Malaysia,Asia,Upper middle income,2016,6289.75,-3.43,3.47,5.5,75.0,4.29,4.74,31.35,2.95,85.1,409401436.0
Malaysia,Asia,Upper middle income,2017,25985.9,5.19,6.18,8.49,76.2,5.63,4.47,19.54,5.89,92.33,1173489757.0
Malaysia,Asia,Upper middle income,2018,7850.99,-1.86,6.6,6.19,75.8,4.94,5.29,41.65,4.64,88.25,1295498967.0
Malaysia,Asia,Upper middle income,2019,33355.39,6.01,3.47,6.59,75.2,2.88,2.37,36.29,5.1,85.6,257258223.0
Malaysia,Asia,Upper middle income,2020,19023.99,2.78,7.51,12.17,74.6,3.53,3.89,24.44,4.84,87.07,109814509.0
Malaysia,Asia,Upper middle income,2021,51994.08,7.68,8.21,2.05,74.2,4.23,7.55,13.65,2.39,77.9,808570274.0
Malaysia,Asia,Upper middle income,2022,38887.73,5.91,11.84,7.25,78.5,4.22,2.87,28.65,5.49,81.97,839760997.0
Malaysia,Asia,Upper middle income,2023,37148.27,5.43,5.54,6.64,74.5,4.69,4.05,21.4,2.48,93.28,506059290.0
Philippines,Asia,Lower middle income,2000,3400.0,4.83,10.15,9.99,66.7,4.46,2.12,23.13,5.84,39.44,701224931.0
Philippines,Asia,Lower middle income,2001,3416.41,0.48,7.58,10.7,63.7,3.87,3.46,21.61,0.1,13.41,303852417.0
Philippines,Asia,Lower middle income,2002,3409.05,0.13,10.01,12.54,64.6,2.7,3.68,39.74,2.32,21.02,733801897.0
Philippines,Asia,Lower middle income,2003,3466.06,0.64,8.75,7.94,64.3,2.77,5.34,14.57,0.1,34.0,1186169678.0
Philippines,Asia,Lower middle income,2004,4882.7,9.47,7.93,10.44,65.5,1.0,5.41,29.91,2.16,30.38,1118287051.0
Philippines,Asia,Lower middle income,2005,4547.88,5.99,8.46,7.11,64.7,1.94,4.83,42.39,0.79,24.77,788392616.0
Philippines,Asia,Lower middle income,2006,5121.41,7.07,6.91,9.61,63.2,2.15,4.45,25.33,0.73,32.84,588478309.0
Philippines,Asia,Lower middle income,2007,5448.11,6.97,8.98,13.41,66.7,3.62,1.64,35.15,3.51,28.54,415740452.0
Philippines,Asia,Lower middle income,2008,3615.48,0.77,10.79,10.73,68.5,3.18,1.0,15.41,0.1,31.62,1380353377.0
Philippines,Asia,Lower middle income,2009,4417.39,2.95,10.12,9.65,69.3,1.72,5.06,13.62,3.34,49.56,159989793.0
Philippines,Asia,Lower middle income,2010,4011.59,1.67,9.82,9.85,65.7,1.78,1.0,14.61,3.73,35.97,961706292.0
Philippines,Asia,Lower middle income,2011,5810.29,4.99,4.16,11.73,67.3,4.84,4.71,5.0,4.33,53.57,404896468.0
Philippines,Asia,Lower middle income,2012,6229.9,5.18,7.77,11.79,67.5,1.81,2.51,31.61,2.52,45.62,1205089619.0
Philippines,Asia,Lower middle income,2013,9586.56,8.3,8.54,8.97,66.9,2.23,1.0,22.2,1.26,45.87,493771667.0
Philippines,Asia,Lower middle income,2014,10667.46,8.51,9.1,11.65,63.6,2.84,2.58,22.19,0.27,42.54,786876395.0
Philippines,Asia,Lower middle income,2015,10858.91,8.05,5.14,5.36,64.9,4.86,2.97,17.79,3.07,56.74,791242368.0
Philippines,Asia,Lower middle income,2016,12516.85,8.49,7.84,11.35,68.6,3.51,4.67,36.04,1.25,55.42,544618769.0
Philippines,Asia,Lower middle income,2017,7012.96,4.35,7.05,8.7,71.4,2.89,2.95,27.84,6.7,72.19,755438381.0
Philippines,Asia,Lower middle income,2018,7794.47,4.72,8.02,10.61,66.5,3.19,2.78,24.06,1.86,38.86,1128790412.0
Philippines,Asia,Lower middle income,2019,9606.28,5.62,11.07,9.21,66.9,4.53,2.9,36.63,2.35,57.88,1282430806.0
Philippines,Asia,Lower middle income,2020,5196.18,2.14,7.81,15.47,67.5,4.28,2.84,16.41,2.86,51.95,700457242.0
Philippines,Asia,Lower middle income,2021,32577.34,11.36,5.56,9.42,65.9,2.48,2.16,19.7,4.37,55.97,796773562.0
Philippines,Asia,Lower middle income,2022,13153.93,6.34,13.62,12.19,70.8,4.87,2.25,17.82,3.07,65.08,1139183615.0
Philippines,Asia,Lower middle income,2023,19240.41,7.83,8.0,9.62,66.8,3.48,2.01,27.38,1.3,46.16,915164431.0
Singapore,Asia,High income,2000,59000.0,1.65,2.31,3.71,77.5,4.98,6.95,22.15,13.9,87.36,177574416.0
Singapore,Asia,High income,2001,61281.31,3.87,3.11,4.61,79.6,5.54,8.68,39.36,7.11,72.35,213793485.0
Singapore,Asia,High income,2002,60973.83,1.66,2.11,5.44,79.4,4.78,5.74,20.07,8.9,80.53,261273700.0
Singapore,Asia,High income,2003,59295.37,0.17,1.18,4.33,76.0,5.17,7.92,27.38,10.6,84.05,460701849.0
Singapore,Asia,High income,2004,68577.31,3.83,3.81,4.86,78.0,5.88,10.04,31.43,13.21,90.6,426759636.0
Singapore,Asia,High income,2005,71247.46,3.84,0.5,6.42,80.3,5.22,9.59,34.19,7.38,100.0,426046364.0
Singapore,Asia,High income,2006,68876.68,2.61,1.55,11.76,80.9,5.42,8.23,25.2,10.06,90.12,1128653489.0
Singapore,Asia,High income,2007,64931.63,1.38,6.54,1.0,81.0,6.76,9.82,16.67,12.78,98.11,869413425.0
Singapore,Asia,High income,2008,70749.66,2.3,6.26,3.64,80.8,6.83,8.12,21.39,10.19,89.73,1007442566.0
Singapore,Asia,High income,2009,55730.03,-0.63,8.94,3.53,77.8,4.35,7.34,27.63,9.06,100.0,560509301.0
Singapore,Asia,High income,2010,73235.46,2.18,4.95,6.17,80.6,5.98,8.96,15.7,7.16,92.97,1036556555.0
Singapore,Asia,High income,2011,72656.67,1.91,1.53,6.56,78.1,4.41,9.27,38.46,10.61,94.26,1390708517.0
Singapore,Asia,High income,2012,85555.03,3.15,0.5,3.33,79.4,5.62,7.79,29.62,9.58,96.41,56385099.0
Singapore,Asia,High income,2013,66377.99,0.91,2.09,6.05,82.6,5.12,7.78,37.12,10.37,95.83,547288220.0
Singapore,Asia,High income,2014,74025.5,1.63,6.06,3.72,77.0,5.9,9.37,30.34,8.72,100.0,1239453319.0
Singapore,Asia,High income,2015,71398.69,1.28,4.18,4.62,82.4,5.68,8.4,32.58,8.91,88.72,238564581.0
Singapore,Asia,High income,2016,31859.7,-3.78,1.82,4.84,82.5,5.23,9.52,8.2,9.89,87.2,1156989715.0
Singapore,Asia,High income,2017,59251.79,0.03,5.65,1.0,84.6,5.43,9.51,19.37,11.05,100.0,458275982.0
Singapore,Asia,High income,2018,118082.71,3.93,0.5,3.84,80.0,3.69,7.45,54.41,11.22,100.0,431195448.0
Singapore,Asia,High income,2019,117501.06,3.69,3.7,4.0,80.9,6.15,8.94,5.0,14.15,100.0,58723725.0
Singapore,Asia,High income,2020,20120.38,-5.24,3.25,10.57,81.8,4.34,8.76,25.36,12.85,100.0,479261961.0
Singapore,Asia,High income,2021,216806.79,6.39,0.71,5.14,82.0,3.98,8.93,24.17,12.83,100.0,497241279.0
Singapore,Asia,High income,2022,69315.99,0.74,7.36,5.45,84.9,6.76,8.91,25.25,8.67,100.0,1075228603.0
Singapore,Asia,High income,2023,81577.59,1.42,3.81,6.02,82.9,7.8,7.79,45.38,10.94,100.0,977077676.0
New Zealand,Oceania,High income,2000,42000.0,4.02,3.19,3.66,76.2,5.46,11.3,26.9,11.57,88.44,650386263.0
New Zealand,Oceania,High income,2001,42709.53,1.69,0.5,5.4,80.9,4.22,8.05,35.72,11.7,97.54,258756804.0
New Zealand,Oceania,High income,2002,42899.86,1.07,0.5,6.94,82.1,7.06,9.28,36.26,12.74,76.59,1233808715.0
New Zealand,Oceania,High income,2003,47516.31,4.2,5.32,5.83,76.5,5.74,5.75,37.14,9.53,100.0,1170639870.0
New Zealand,Oceania,High income,2004,49735.52,4.32,5.27,5.86,80.6,5.92,5.98,31.18,7.77,87.71,908386271.0
New Zealand,Oceania,High income,2005,42300.53,0.14,2.93,1.0,78.7,5.97,8.23,44.27,10.14,98.29,31639368.0
New Zealand,Oceania,High income,2006,44945.09,1.14,3.66,3.93,80.8,6.72,7.92,28.69,10.92,84.64,1130148088.0
New Zealand,Oceania,High income,2007,51780.43,3.04,0.83,6.11,78.6,5.1,7.13,25.07,10.05,87.63,803346403.0
New Zealand,Oceania,High income,2008,50075.57,2.22,6.73,1.73,85.2,4.91,8.82,11.44,10.97,80.94,1305715637.0
New Zealand,Oceania,High income,2009,36268.46,-1.62,7.29,1.84,79.8,4.77,9.46,28.17,10.5,100.0,728724698.0
New Zealand,Oceania,High income,2010,56772.28,3.06,1.17,4.27,80.6,5.15,10.35,32.17,11.82,91.86,159200959.0
New Zealand,Oceania,High income,2011,68778.68,4.59,0.5,1.0,78.8,5.62,9.19,15.88,5.24,100.0,1080763059.0
New Zealand,Oceania,High income,2012,90100.68,6.57,3.74,6.95,81.2,5.45,8.62,27.9,11.22,100.0,279453741.0
New Zealand,Oceania,High income,2013,55332.54,2.14,2.83,7.19,83.5,5.55,7.67,39.03,9.97,95.84,1202547800.0
New Zealand,Oceania,High income,2014,59949.64,2.57,4.97,7.98,80.5,5.77,11.52,8.76,8.62,100.0,295357740.0
New Zealand,Oceania,High income,2015,77477.33,4.17,1.98,6.63,80.5,4.25,6.36,34.84,11.02,100.0,1359034065.0
New Zealand,Oceania,High income,2016,57877.45,2.02,0.5,1.77,81.4,4.17,12.16,9.38,8.4,100.0,469679346.0
New Zealand,Oceania,High income,2017,54485.6,1.54,1.54,1.96,81.6,4.39,10.47,44.5,9.56,100.0,726968877.0
New Zealand,Oceania,High income,2018,56407.14,1.65,5.61,3.86,85.2,6.98,8.3,24.97,7.97,100.0,322909564.0
New Zealand,Oceania,High income,2019,41851.34,-0.02,5.69,5.72,80.7,6.72,9.04,31.34,12.29,100.0,1021958681.0
New Zealand,Oceania,High income,2020,11762.27,-6.17,4.24,10.25,81.8,7.5,9.07,41.41,10.59,100.0,172966918.0
New Zealand,Oceania,High income,2021,81242.02,3.19,5.21,6.81,82.4,5.23,7.51,27.74,7.38,100.0,582075565.0
New Zealand,Oceania,High income,2022,117344.95,4.78,5.61,6.06,85.0,5.0,9.8,19.7,14.89,100.0,612587128.0
New Zealand,Oceania,High income,2023,64073.36,1.85,3.47,6.07,80.7,5.43,9.1,22.44,7.86,100.0,225141324.0
